Aug-14 11:52:41.895 [main] DEBUG nextflow.cli.Launcher - $> nextflow run nf-core/sarek -profile docker,test --outdir out
Aug-14 11:52:41.922 [main] DEBUG nextflow.cli.CmdRun - N E X T F L O W  ~  version 26.04.6
Aug-14 11:52:41.935 [main] DEBUG nextflow.plugin.PluginsFacade - Setting up plugin manager > mode=prod; embedded=false; plugins-dir=/Users/stav/.nextflow/plugins; core-plugins: nf-amazon@3.9.2,nf-azure@1.22.6,nf-cloudcache@0.6.0,nf-codecommit@0.5.3,nf-console@1.3.0,nf-google@1.27.3,nf-k8s@1.5.4,nf-seqera@0.21.1,nf-tower@1.28.2,nf-wave@1.21.0
Aug-14 11:52:41.946 [main] INFO  o.pf4j.DefaultPluginStatusProvider - Enabled plugins: []
Aug-14 11:52:41.946 [main] INFO  o.pf4j.DefaultPluginStatusProvider - Disabled plugins: []
Aug-14 11:52:41.947 [main] INFO  org.pf4j.DefaultPluginManager - PF4J version 3.14.1 in 'deployment' mode
Aug-14 11:52:41.955 [main] DEBUG nextflow.util.RetryConfig - Missing nextflow session - using default retry config
Aug-14 11:52:42.017 [main] DEBUG nextflow.plugin.PluginUpdater - Using plugin repository: HttpPluginRepository [registry]; url=https://registry.nextflow.io/api
Aug-14 11:52:42.019 [main] INFO  org.pf4j.AbstractPluginManager - No plugins
Aug-14 11:52:42.023 [main] DEBUG nextflow.scm.ProviderConfig - Using SCM config path: /Users/stav/.nextflow/scm
Aug-14 11:52:42.029 [main] DEBUG nextflow.scm.AssetManager - Selecting multi-revision strategy
Aug-14 11:52:42.098 [main] DEBUG nextflow.config.ConfigParserFactory - Using config parser v2
Aug-14 11:52:42.349 [main] DEBUG nextflow.scm.AssetManager - Git config: /Users/stav/.nextflow/assets/.repos/nf-core/sarek/bare/config; branch: master; remote: origin; url: https://github.com/nf-core/sarek.git
Aug-14 11:52:42.366 [main] DEBUG nextflow.scm.RepositoryFactory - Found Git repository result: [RepositoryFactory]
Aug-14 11:52:42.369 [main] DEBUG nextflow.scm.AssetManager - Git config: /Users/stav/.nextflow/assets/.repos/nf-core/sarek/bare/config; branch: master; remote: origin; url: https://github.com/nf-core/sarek.git
Aug-14 11:52:42.671 [main] INFO  nextflow.scm.AssetManager - NOTE: Your local project version looks outdated - a different revision is available in the remote repository [8ccac7ad37]
Aug-14 11:52:42.679 [main] DEBUG nextflow.config.ConfigBuilder - Found config base: /Users/stav/.nextflow/assets/.repos/nf-core/sarek/clones/b97952e5bac68d5deb93d4a3349a45f146be9830/nextflow.config
Aug-14 11:52:42.682 [main] DEBUG nextflow.config.ConfigBuilder - Parsing config file: /Users/stav/.nextflow/assets/.repos/nf-core/sarek/clones/b97952e5bac68d5deb93d4a3349a45f146be9830/nextflow.config
Aug-14 11:52:42.683 [main] DEBUG nextflow.config.ConfigParserFactory - Using config parser v2
Aug-14 11:52:42.688 [main] DEBUG nextflow.config.ConfigBuilder - Applying config profile: `docker,test`
Aug-14 11:52:43.328 [main] DEBUG nextflow.config.ConfigBuilder - Available config profiles: [debug, conda, mamba, docker, arm64, emulate_amd64, singularity, podman, shifter, charliecloud, apptainer, wave, gpu, spark, test, test_aws, test_full, test_full_aws, test_full_germline, test_full_germline_aws, test_full_germline_ncbench_agilent, mutect, abims, adcra, alice, alliance_canada, apollo, arcc, aws_tower, awsbatch, azurebatch, bi, bigpurple, bih, binac2, biohpc_gen, biowulf, bluebear, cambridge, cannon, cbe, ccga_dx, ccga_cau, ceci_dragon2, ceci_nic5, cedars, ceres, cfc, cfc_dev, cheaha, computerome, create, crg, crick, cropdiversityhpc, crukmi, csiro_petrichor, czbiohub_aws, daisybio, denbi_qbic, dkfz, dirac, ebc, eddie, ebi_codon, ebi_codon_slurm, einstein, embl_hd, engaging, ethz_euler, eva, eva_grace, fgcz, fred_hutch, fsu_draco, fub_curta, genotoul, genouest, giga, gis, googlebatch, hasta, hazel, hki_genie, hypatia, humantechnopole, icr_alma, ifb_core, imb, imperial, incliva, ipop_up, iris, janelia, jax, jex, unsw_katana, ku_sund_danhead, kaust, kelvin2, ki_luria, leicester, lovelace, lrz_cm4, lugh, m3c, maestro, mahuika, mana, marjorie, marvin, mccleary, mcw_rcc, medair, mjolnir_globe, mpcdf, mpcdf_viper, mssm, munin, nci_gadi, nu_genomics, nygc, nyu_hpc, oist, palmetto, pasteur, pawsey_setonix, pdc_kth, phoenix, psmn, purdue_bell, purdue_gautschi, purdue_negishi, qmul_apocrita, rki, rosalind, rosalind_uge, roslin, sage, sahmri, sanger, ilifu, seadragon, seattlechildrens, seawulf, seg_globe, self_hosted_runner, shu_bmrc, stjude, tes, tigem, tubingen_apg, tufts, tuos_stanage, ucd_sonic, ucl_cscluster, ucl_myriad, uct_hpc, uge, unc_lccc, unc_longleaf, unibe_ibu, unity, uod_hpc, uppmax, utd_juno, uw_hyak_pedslabs, uzh, uzl_omics, vai, verily_workbench, vsc_calcua, vsc_kul_uhasselt, vsc_ugent, wehi, xanadu, york_viking, icr_davros]
Aug-14 11:52:43.362 [main] DEBUG nextflow.plugin.PluginsFacade - Plugins declared=[nf-core-utils@0.4.0, nf-fgbio@1.0.0, nf-prov@1.7.0, nf-schema@2.7.2]
Aug-14 11:52:43.362 [main] DEBUG nextflow.plugin.PluginsFacade - Plugins default=[]
Aug-14 11:52:43.362 [main] DEBUG nextflow.plugin.PluginsFacade - Plugins resolved requirement=[nf-core-utils@0.4.0, nf-fgbio@1.0.0, nf-prov@1.7.0, nf-schema@2.7.2]
Aug-14 11:52:43.363 [main] DEBUG nextflow.plugin.PluginUpdater - Installing plugin nf-core-utils version: 0.4.0
Aug-14 11:52:43.368 [main] INFO  org.pf4j.AbstractPluginManager - Plugin 'nf-core-utils@0.4.0' resolved
Aug-14 11:52:43.368 [main] INFO  org.pf4j.AbstractPluginManager - Start plugin 'nf-core-utils@0.4.0'
Aug-14 11:52:43.371 [main] DEBUG nextflow.plugin.BasePlugin - Plugin started nf-core-utils@0.4.0
Aug-14 11:52:43.371 [main] DEBUG nextflow.plugin.PluginUpdater - Installing plugin nf-fgbio version: 1.0.0
Aug-14 11:52:43.373 [main] INFO  org.pf4j.AbstractPluginManager - Plugin 'nf-fgbio@1.0.0' resolved
Aug-14 11:52:43.373 [main] INFO  org.pf4j.AbstractPluginManager - Start plugin 'nf-fgbio@1.0.0'
Aug-14 11:52:43.384 [main] DEBUG nextflow.plugin.BasePlugin - Plugin started nf-fgbio@1.0.0
Aug-14 11:52:43.384 [main] DEBUG nextflow.plugin.PluginUpdater - Installing plugin nf-prov version: 1.7.0
Aug-14 11:52:43.386 [main] INFO  org.pf4j.AbstractPluginManager - Plugin 'nf-prov@1.7.0' resolved
Aug-14 11:52:43.386 [main] INFO  org.pf4j.AbstractPluginManager - Start plugin 'nf-prov@1.7.0'
Aug-14 11:52:43.387 [main] DEBUG nextflow.plugin.BasePlugin - Plugin started nf-prov@1.7.0
Aug-14 11:52:43.387 [main] DEBUG nextflow.plugin.PluginUpdater - Installing plugin nf-schema version: 2.7.2
Aug-14 11:52:43.388 [main] INFO  org.pf4j.AbstractPluginManager - Plugin 'nf-schema@2.7.2' resolved
Aug-14 11:52:43.388 [main] INFO  org.pf4j.AbstractPluginManager - Start plugin 'nf-schema@2.7.2'
Aug-14 11:52:43.390 [main] DEBUG nextflow.plugin.BasePlugin - Plugin started nf-schema@2.7.2
Aug-14 11:52:43.394 [main] DEBUG n.secret.LocalSecretsProvider - Secrets store: /Users/stav/.nextflow/secrets/store.json
Aug-14 11:52:43.395 [main] DEBUG nextflow.secret.SecretsLoader - Discovered secrets providers: [nextflow.secret.LocalSecretsProvider@55746340] - activable => nextflow.secret.LocalSecretsProvider@55746340
Aug-14 11:52:43.395 [main] DEBUG nextflow.cli.CmdRun - Launching `https://github.com/nf-core/sarek` [special_volhard] - revision: b97952e5ba [master]
Aug-14 11:52:43.429 [main] DEBUG nextflow.Session - Session UUID: b93a7815-7aeb-404f-b951-f2a4977ac8fe
Aug-14 11:52:43.429 [main] DEBUG nextflow.Session - Run name: special_volhard
Aug-14 11:52:43.429 [main] DEBUG nextflow.Session - Executor pool size: 10
Aug-14 11:52:43.432 [main] DEBUG nextflow.file.FilePorter - File porter settings maxRetries=3; maxTransfers=50; pollTimeout=null
Aug-14 11:52:43.433 [main] DEBUG nextflow.util.ThreadPoolBuilder - Creating thread pool 'FileTransfer' minSize=10; maxSize=30; workQueue=LinkedBlockingQueue[-1]; allowCoreThreadTimeout=false
Aug-14 11:52:43.448 [main] DEBUG nextflow.cli.CmdRun - 
  Version: 26.04.6 build 0
  Created: 09-07-2026 18:06 UTC (14:06 EDT)
  System: Mac OS X 26.4.1
  Runtime: Groovy 4.0.31 on OpenJDK 64-Bit Server VM 26.0.1
  Encoding: UTF-8 (UTF-8)
  Process: 86803@Mac [192.168.1.181]
  CPUs: 10 - Mem: 24 GB (137.3 MB) - Swap: 4 GB (656.8 MB)
Aug-14 11:52:43.453 [main] DEBUG nextflow.Session - Work-dir: /Users/stav/repos/nf-tui/work [Mac OS X]
Aug-14 11:52:43.460 [main] DEBUG nextflow.executor.ExecutorFactory - Extension executors providers=[]
Aug-14 11:52:43.464 [main] DEBUG nextflow.Session - Observer factory (v2): LinObserverFactory
Aug-14 11:52:43.464 [main] DEBUG nextflow.Session - Observer factory (v2): DefaultObserverFactory
Aug-14 11:52:43.469 [main] DEBUG nextflow.Session - Observer factory (v2): ProvObserverFactory
Aug-14 11:52:43.473 [main] DEBUG nextflow.Session - Observer factory (v2): ValidationObserverFactory
Aug-14 11:52:43.475 [main] DEBUG nextflow.Session - Observer factory: NfcorePipelineObserverFactory
Aug-14 11:52:43.491 [main] DEBUG nextflow.cache.CacheFactory - Using Nextflow cache factory: nextflow.cache.DefaultCacheFactory
Aug-14 11:52:43.495 [main] DEBUG nextflow.util.CustomThreadPool - Creating default thread pool > poolSize: 11; maxThreads: 1000
Aug-14 11:52:43.520 [main] DEBUG nextflow.Session - Session start
Aug-14 11:52:43.524 [main] WARN  n.p.nfcore.NfcoreConfigValidator - [nf-core/sarek] You are attempting to run the pipeline without any custom configuration!

This will be dependent on your local compute environment but can be achieved via one or more of the following:
   (1) Using an existing pipeline profile e.g. `-profile docker` or `-profile singularity`
   (2) Using an existing nf-core/configs for your Institution e.g. `-profile crick` or `-profile uppmax`
   (3) Using your own local custom config e.g. `-c /path/to/your/custom.config`

Please refer to the quick start section and usage docs for the pipeline.
 
Aug-14 11:52:43.525 [main] WARN  n.p.nfcore.NfcoreConfigValidator - nf-core pipelines do not accept positional arguments. The positional argument `nextflow` has been detected.
HINT: A common mistake is to provide multiple values separated by spaces e.g. `-profile test, docker`.

Aug-14 11:52:43.526 [main] DEBUG nextflow.trace.TraceFileObserver - Workflow started -- trace file: out/pipeline_info/execution_trace_2026-08-14_11-52-42.txt
Aug-14 11:52:43.527 [main] DEBUG nextflow.script.ScriptLoaderFactory - Using script parser v2
Aug-14 11:52:48.206 [main] DEBUG nextflow.script.ScriptRunner - > Launching execution
Aug-14 11:52:48.212 [main] DEBUG nextflow.script.IncludeDef - Loading included plugin extensions with names: [paramsSummaryMap:paramsSummaryMap]; plugin Id: nf-schema
Aug-14 11:52:48.215 [main] DEBUG n.validation.config.ValidationConfig - Set `validation.monochromeLogs` to false
Aug-14 11:52:48.217 [main] DEBUG n.validation.config.ValidationConfig - Added the following parameters to the ignored parameters: [genomes, freebayes_filter, vep_cache_version]
Aug-14 11:52:48.226 [main] DEBUG nextflow.script.IncludeDef - Loading included plugin extensions with names: [softwareVersionsToYAML:softwareVersionsToYAML]; plugin Id: nf-core-utils
Aug-14 11:52:48.228 [main] DEBUG nextflow.script.IncludeDef - Loading included plugin extensions with names: [paramsSummaryLog:paramsSummaryLog]; plugin Id: nf-schema
Aug-14 11:52:48.228 [main] DEBUG nextflow.script.IncludeDef - Loading included plugin extensions with names: [validateParameters:validateParameters]; plugin Id: nf-schema
Aug-14 11:52:48.229 [main] DEBUG nextflow.script.IncludeDef - Loading included plugin extensions with names: [paramsHelp:paramsHelp]; plugin Id: nf-schema
Aug-14 11:52:48.230 [main] DEBUG nextflow.script.IncludeDef - Loading included plugin extensions with names: [paramsSummaryMap:paramsSummaryMap]; plugin Id: nf-schema
Aug-14 11:52:48.230 [main] DEBUG nextflow.script.IncludeDef - Loading included plugin extensions with names: [samplesheetToList:samplesheetToList]; plugin Id: nf-schema
Aug-14 11:52:48.230 [main] DEBUG nextflow.script.IncludeDef - Loading included plugin extensions with names: [paramsHelp:paramsHelp]; plugin Id: nf-schema
Aug-14 11:52:48.233 [main] DEBUG nextflow.script.IncludeDef - Loading included plugin extensions with names: [readStructure:readStructure]; plugin Id: nf-fgbio
Aug-14 11:52:48.856 [main] DEBUG nextflow.script.IncludeDef - Loading included plugin extensions with names: [paramsSummaryMap:paramsSummaryMap]; plugin Id: nf-schema
Aug-14 11:52:48.856 [main] DEBUG nextflow.script.IncludeDef - Loading included plugin extensions with names: [samplesheetToList:samplesheetToList]; plugin Id: nf-schema
Aug-14 11:52:48.857 [main] DEBUG nextflow.script.IncludeDef - Loading included plugin extensions with names: [paramsHelp:paramsHelp]; plugin Id: nf-schema
Aug-14 11:52:48.942 [main] DEBUG nextflow.script.IncludeDef - Loading included plugin extensions with names: [samplesheetToList:samplesheetToList]; plugin Id: nf-schema
Aug-14 11:52:49.040 [main] INFO  nextflow.Nextflow - 
-[2m----------------------------------------------------[0m-
                                        [0;32m,--.[0;30m/[0;32m,-.[0m
[0;34m        ___     __   __   __   ___     [0;32m/,-._.--~'[0m
[0;34m  |\ | |__  __ /  ` /  \ |__) |__         [0;33m}  {[0m
[0;34m  | \| |       \__, \__/ |  \ |___     [0;32m\`-._,-`-,[0m
                                        [0;32m`._,._,'[0m
[0;37m      ____[0m
[0;37m    .´ _  `.[0m
[0;37m   /  [0;32m|\[0m`-_ \[0m     [0;34m __        __   ___     [0m
[0;37m  |   [0;32m| \[0m  `-|[0m    [0;34m|__`  /\  |__) |__  |__/[0m
[0;37m   \ [0;32m|   \[0m  /[0m     [0;34m.__| /¯¯\ |  \ |___ |  \[0m
[0;37m    `[0;32m|[0m____[0;32m\[0m´[0m

[0;35m  nf-core/sarek 3.9.0[0m
-[2m----------------------------------------------------[0m-

Aug-14 11:52:49.067 [main] INFO  nextflow.Nextflow - [1mInput/output options[0m
  [0;34minput                     : [0;32m/Users/stav/.nextflow/assets/.repos/nf-core/sarek/clones/b97952e5bac68d5deb93d4a3349a45f146be9830/tests/csv/3.0/fastq_single.csv[0m
  [0;34moutdir                    : [0;32mout[0m

[1mMain options[0m
  [0;34msplit_fastq               : [0;32m0[0m
  [0;34mintervals                 : [0;32mhttps://raw.githubusercontent.com/nf-core/test-datasets/modules/data//genomics/homo_sapiens/genome/genome.interval_list[0m
  [0;34mtools                     : [0;32mstrelka[0m

[1mAnnotation[0m
  [0;34mbcftools_annotations      : [0;32mhttps://raw.githubusercontent.com/nf-core/test-datasets/modules/data//genomics/sarscov2/illumina/vcf/test2.vcf.gz[0m
  [0;34mbcftools_annotations_tbi  : [0;32mhttps://raw.githubusercontent.com/nf-core/test-datasets/modules/data//genomics/sarscov2/illumina/vcf/test2.vcf.gz.tbi[0m
  [0;34mbcftools_header_lines     : [0;32m/Users/stav/.nextflow/assets/.repos/nf-core/sarek/clones/b97952e5bac68d5deb93d4a3349a45f146be9830/tests/config/bcfann_test_header.txt[0m

[1mGeneral reference genome options[0m
  [0;34migenomes_base             : [0;32mhttps://raw.githubusercontent.com/nf-core/test-datasets/modules/data/[0m

[1mReference genome options[0m
  [0;34mgenome                    : [0;32mtestdata.nf-core.sarek[0m
  [0;34mdbsnp                     : [0;32mhttps://raw.githubusercontent.com/nf-core/test-datasets/modules/data//genomics/homo_sapiens/genome/vcf/dbsnp_146.hg38.vcf.gz[0m
  [0;34mdbsnp_tbi                 : [0;32mhttps://raw.githubusercontent.com/nf-core/test-datasets/modules/data//genomics/homo_sapiens/genome/vcf/dbsnp_146.hg38.vcf.gz.tbi[0m
  [0;34mdbsnp_vqsr                : [0;32m--resource:dbsnp,known=false,training=true,truth=false,prior=2.0 dbsnp_146.hg38.vcf.gz[0m
  [0;34mdict                      : [0;32mhttps://raw.githubusercontent.com/nf-core/test-datasets/modules/data//genomics/homo_sapiens/genome/genome.dict[0m
  [0;34mfasta                     : [0;32mhttps://raw.githubusercontent.com/nf-core/test-datasets/modules/data//genomics/homo_sapiens/genome/genome.fasta[0m
  [0;34mfasta_fai                 : [0;32mhttps://raw.githubusercontent.com/nf-core/test-datasets/modules/data//genomics/homo_sapiens/genome/genome.fasta.fai[0m
  [0;34mgermline_resource         : [0;32mhttps://raw.githubusercontent.com/nf-core/test-datasets/modules/data//genomics/homo_sapiens/genome/vcf/gnomAD.r2.1.1.vcf.gz[0m
  [0;34mgermline_resource_tbi     : [0;32mhttps://raw.githubusercontent.com/nf-core/test-datasets/modules/data//genomics/homo_sapiens/genome/vcf/gnomAD.r2.1.1.vcf.gz.tbi[0m
  [0;34mknown_indels              : [0;32mhttps://raw.githubusercontent.com/nf-core/test-datasets/modules/data//genomics/homo_sapiens/genome/vcf/mills_and_1000G.indels.vcf.gz[0m
  [0;34mknown_indels_tbi          : [0;32mhttps://raw.githubusercontent.com/nf-core/test-datasets/modules/data//genomics/homo_sapiens/genome/vcf/mills_and_1000G.indels.vcf.gz.tbi[0m
  [0;34mknown_indels_vqsr         : [0;32m--resource:mills,known=false,training=true,truth=true,prior=10.0 mills_and_1000G.indels.vcf.gz[0m
  [0;34mngscheckmate_bed          : [0;32mhttps://raw.githubusercontent.com/nf-core/test-datasets/modules/data//genomics/homo_sapiens/genome/chr21/germlineresources/SNP_GRCh38_hg38_wChr.bed[0m
  [0;34msentieon_dnascope_model   : [0;32ms3://ngi-igenomes/igenomes/Homo_sapiens/GATK/GRCh38/Annotation/Sentieon/SentieonDNAscopeModel1.1.model[0m
  [0;34msnpeff_db                 : [0;32mWBcel235.99[0m
  [0;34mvep_cache_version         : [0;32m114[0m
  [0;34mvep_genome                : [0;32mWBcel235[0m
  [0;34mvep_species               : [0;32mcaenorhabditis_elegans[0m

[1mInstitutional config options[0m
  [0;34mconfig_profile_name       : [0;32mTest profile[0m
  [0;34mconfig_profile_description: [0;32mMinimal test dataset to check pipeline function[0m
  [0;34mmodules_testdata_base_path: [0;32mhttps://raw.githubusercontent.com/nf-core/test-datasets/modules/data/[0m

[1mGeneric options[0m
  [0;34mtrace_report_suffix       : [0;32m2026-08-14_11-52-42[0m

[1mCore Nextflow options[0m
  [0;34mrevision                  : [0;32mmaster[0m
  [0;34mrunName                   : [0;32mspecial_volhard[0m
  [0;34mcontainerEngine           : [0;32mdocker[0m
  [0;34mlaunchDir                 : [0;32m/Users/stav/repos/nf-tui[0m
  [0;34mworkDir                   : [0;32m/Users/stav/repos/nf-tui/work[0m
  [0;34mprojectDir                : [0;32m/Users/stav/.nextflow/assets/.repos/nf-core/sarek/clones/b97952e5bac68d5deb93d4a3349a45f146be9830[0m
  [0;34muserName                  : [0;32mstav[0m
  [0;34mprofile                   : [0;32mdocker,test[0m
  [0;34mconfigFiles               : [0;32m/Users/stav/.nextflow/assets/.repos/nf-core/sarek/clones/b97952e5bac68d5deb93d4a3349a45f146be9830/nextflow.config[0m

!! Only displaying parameters that differ from the pipeline defaults !!
-[2m----------------------------------------------------[0m-
Aug-14 11:52:49.068 [main] INFO  nextflow.Nextflow - 
* The pipeline
    https://doi.org/10.12688/f1000research.16665.2
    https://doi.org/10.1093/nargab/lqae031
    https://doi.org/10.5281/zenodo.3476425

* The nf-core framework
    https://doi.org/10.1038/s41587-020-0439-x

* Software dependencies
    https://github.com/nf-core/sarek/blob/master/CITATIONS.md

Aug-14 11:52:49.072 [main] DEBUG n.v.parameters.ParameterValidator - Starting parameters validation
Aug-14 11:52:49.197 [main] DEBUG n.v.v.evaluators.SchemaEvaluator - Started validating /Users/stav/.nextflow/assets/.repos/nf-core/sarek/clones/b97952e5bac68d5deb93d4a3349a45f146be9830/tests/csv/3.0/fastq_single.csv
Aug-14 11:52:49.969 [main] DEBUG n.v.v.evaluators.SchemaEvaluator - Validation of file '/Users/stav/.nextflow/assets/.repos/nf-core/sarek/clones/b97952e5bac68d5deb93d4a3349a45f146be9830/tests/csv/3.0/fastq_single.csv' passed!
Aug-14 11:52:50.159 [main] DEBUG n.file.http.XFileSystemProvider - Got HTTP error=404 waiting for 250ms (attempt=1)
Aug-14 11:52:50.440 [main] DEBUG n.file.http.XFileSystemProvider - Got HTTP error=404 waiting for 750ms (attempt=2)
Aug-14 11:52:51.223 [main] DEBUG n.file.http.XFileSystemProvider - Got HTTP error=404 waiting for 2250ms (attempt=3)
Aug-14 11:52:53.518 [main] DEBUG n.file.http.XFileSystemProvider - Got HTTP error=404 waiting for 250ms (attempt=1)
Aug-14 11:52:53.810 [main] DEBUG n.file.http.XFileSystemProvider - Got HTTP error=404 waiting for 750ms (attempt=2)
Aug-14 11:52:54.594 [main] DEBUG n.file.http.XFileSystemProvider - Got HTTP error=404 waiting for 2250ms (attempt=3)
Aug-14 11:52:56.998 [main] DEBUG nextflow.file.FileHelper - Detected required plugin 'nf-amazon'
Aug-14 11:52:56.998 [main] DEBUG nextflow.plugin.PluginUpdater - Installing plugin nf-amazon version: 3.9.2
Aug-14 11:52:57.004 [main] INFO  org.pf4j.AbstractPluginManager - Plugin 'nf-amazon@3.9.2' resolved
Aug-14 11:52:57.004 [main] INFO  org.pf4j.AbstractPluginManager - Start plugin 'nf-amazon@3.9.2'
Aug-14 11:52:57.030 [main] DEBUG nextflow.plugin.BasePlugin - Plugin started nf-amazon@3.9.2
Aug-14 11:52:57.041 [main] DEBUG nextflow.file.FileHelper - > Added 'S3FileSystemProvider' to list of installed providers [s3]
Aug-14 11:52:57.041 [main] DEBUG nextflow.file.FileHelper - Started plugin 'nf-amazon' required to handle file: s3://ngi-igenomes/igenomes/Homo_sapiens/GATK/GRCh38/Annotation/Sentieon/SentieonDNAscopeModel1.1.model
Aug-14 11:52:57.057 [main] DEBUG nextflow.file.FileHelper - Creating a file system instance for provider: S3FileSystemProvider; config=[:]
Aug-14 11:52:57.078 [main] DEBUG nextflow.cloud.aws.config.AwsConfig - AWS S3 config properties: {max_error_retry=5}
Aug-14 11:52:57.157 [main] DEBUG nextflow.cloud.aws.AwsClientFactory - No AWS credentials available - falling back to anonymous access
Aug-14 11:52:57.524 [main] DEBUG nextflow.cloud.aws.nio.S3Client - Unable to fetch caller account - (Service: S3, Status Code: 307, Request ID: DKPZR0SFW5Q6NJVT, Extended Request ID: 5dk22MONImIeYRN1bkEQBXWrwACBW4OpT/6MzIsc3QUYLXeJGmjsnHyg7KUePFiw5rk3bPe8QGE=) (SDK Attempt Count: 1) 
Aug-14 11:52:58.569 [main] DEBUG nextflow.file.FileHelper - Creating a file system instance for provider: S3FileSystemProvider; config=[:]
Aug-14 11:52:58.570 [main] DEBUG nextflow.cloud.aws.config.AwsConfig - AWS S3 config properties: {max_error_retry=5}
Aug-14 11:52:58.571 [main] DEBUG nextflow.cloud.aws.AwsClientFactory - No AWS credentials available - falling back to anonymous access
Aug-14 11:52:58.625 [main] DEBUG nextflow.cloud.aws.nio.S3Client - Unable to fetch caller account - (Service: S3, Status Code: 307, Request ID: WWQME30PJRGSN94K, Extended Request ID: 68GURCggvyTiirt7JhxioEuMSzJAWA/0xqp0qIWk5F/uwIJDR8GtXYzSeWm/L6Qhp+LLxzxdUjI=) (SDK Attempt Count: 1) 
Aug-14 11:52:59.692 [main] DEBUG n.v.parameters.ParameterValidator - Finishing parameters validation
Aug-14 11:53:00.483 [main] DEBUG n.script.dsl.ProcessConfigBuilder - Config settings `withName:BWAMEM1_INDEX` matches process NFCORE_SAREK:PREPARE_GENOME:BWAMEM1_INDEX
Aug-14 11:53:00.493 [main] DEBUG nextflow.executor.ExecutorFactory - << taskConfig executor: null
Aug-14 11:53:00.493 [main] DEBUG nextflow.executor.ExecutorFactory - >> processorType: 'local'
Aug-14 11:53:00.496 [main] DEBUG nextflow.executor.Executor - [warm up] executor > local
Aug-14 11:53:00.499 [main] DEBUG n.processor.LocalPollingMonitor - Creating local task monitor for executor 'local' > cpus=10; memory=24 GB; capacity=10; pollInterval=100ms; dumpInterval=5m
Aug-14 11:53:00.500 [main] DEBUG n.processor.TaskPollingMonitor - >>> barrier register (monitor: local)
Aug-14 11:53:00.517 [main] DEBUG nextflow.processor.TaskProcessor - Creating process 'NFCORE_SAREK:PREPARE_GENOME:BWAMEM1_INDEX': maxForks=0; fair=false; array=0
Aug-14 11:53:00.553 [main] DEBUG n.script.dsl.ProcessConfigBuilder - Config settings `withLabel:process_single` matches labels `process_single` for process with name NFCORE_SAREK:PREPARE_INTERVALS:CREATE_INTERVALS_BED
Aug-14 11:53:00.554 [main] DEBUG n.script.dsl.ProcessConfigBuilder - Config settings `withName:UNZIP.*|UNTAR.*|TABIX.*|BUILD_INTERVALS|CREATE_INTERVALS_BED|VCFTOOLS|BCFTOOLS.*|SAMTOOLS_INDEX` matches process NFCORE_SAREK:PREPARE_INTERVALS:CREATE_INTERVALS_BED
Aug-14 11:53:00.555 [main] DEBUG n.script.dsl.ProcessConfigBuilder - Config settings `withName:CREATE_INTERVALS_BED` matches process NFCORE_SAREK:PREPARE_INTERVALS:CREATE_INTERVALS_BED
Aug-14 11:53:00.561 [main] DEBUG nextflow.executor.ExecutorFactory - << taskConfig executor: null
Aug-14 11:53:00.561 [main] DEBUG nextflow.executor.ExecutorFactory - >> processorType: 'local'
Aug-14 11:53:00.562 [main] DEBUG nextflow.processor.TaskProcessor - Creating process 'NFCORE_SAREK:PREPARE_INTERVALS:CREATE_INTERVALS_BED': maxForks=0; fair=false; array=0
Aug-14 11:53:00.564 [main] DEBUG n.script.dsl.ProcessConfigBuilder - Config settings `withLabel:process_low` matches labels `process_low` for process with name NFCORE_SAREK:PREPARE_INTERVALS:GATK4_INTERVALLISTTOBED
Aug-14 11:53:00.565 [main] DEBUG n.script.dsl.ProcessConfigBuilder - Config settings `withName:GATK4_INTERVALLISTTOBED` matches process NFCORE_SAREK:PREPARE_INTERVALS:GATK4_INTERVALLISTTOBED
Aug-14 11:53:00.569 [main] DEBUG nextflow.executor.ExecutorFactory - << taskConfig executor: null
Aug-14 11:53:00.570 [main] DEBUG nextflow.executor.ExecutorFactory - >> processorType: 'local'
Aug-14 11:53:00.570 [main] DEBUG nextflow.processor.TaskProcessor - Creating process 'NFCORE_SAREK:PREPARE_INTERVALS:GATK4_INTERVALLISTTOBED': maxForks=0; fair=false; array=0
Aug-14 11:53:00.587 [main] DEBUG n.script.dsl.ProcessConfigBuilder - Config settings `withLabel:process_single` matches labels `process_single` for process with name NFCORE_SAREK:PREPARE_INTERVALS:TABIX_BGZIPTABIX_INTERVAL_SPLIT
Aug-14 11:53:00.588 [main] DEBUG n.script.dsl.ProcessConfigBuilder - Config settings `withName:UNZIP.*|UNTAR.*|TABIX.*|BUILD_INTERVALS|CREATE_INTERVALS_BED|VCFTOOLS|BCFTOOLS.*|SAMTOOLS_INDEX` matches process NFCORE_SAREK:PREPARE_INTERVALS:TABIX_BGZIPTABIX_INTERVAL_SPLIT
Aug-14 11:53:00.589 [main] DEBUG n.script.dsl.ProcessConfigBuilder - Config settings `withName:UNZIP.*|UNTAR.*|TABIX.*|BUILD_INTERVALS|CREATE_INTERVALS_BED|VCFTOOLS|BCFTOOLS.*|SAMTOOLS_INDEX` matches process NFCORE_SAREK:PREPARE_INTERVALS:TABIX_BGZIPTABIX_INTERVAL_SPLIT
Aug-14 11:53:00.589 [main] DEBUG n.script.dsl.ProcessConfigBuilder - Config settings `withName:TABIX_BGZIPTABIX_INTERVAL_SPLIT|TABIX_BGZIPTABIX_INTERVAL_COMBINED` matches process NFCORE_SAREK:PREPARE_INTERVALS:TABIX_BGZIPTABIX_INTERVAL_SPLIT
Aug-14 11:53:00.594 [main] DEBUG nextflow.executor.ExecutorFactory - << taskConfig executor: null
Aug-14 11:53:00.594 [main] DEBUG nextflow.executor.ExecutorFactory - >> processorType: 'local'
Aug-14 11:53:00.594 [main] DEBUG nextflow.processor.TaskProcessor - Creating process 'NFCORE_SAREK:PREPARE_INTERVALS:TABIX_BGZIPTABIX_INTERVAL_SPLIT': maxForks=0; fair=false; array=0
Aug-14 11:53:00.598 [main] DEBUG n.script.dsl.ProcessConfigBuilder - Config settings `withLabel:process_single` matches labels `process_single` for process with name NFCORE_SAREK:PREPARE_INTERVALS:TABIX_BGZIPTABIX_INTERVAL_COMBINED
Aug-14 11:53:00.599 [main] DEBUG n.script.dsl.ProcessConfigBuilder - Config settings `withName:UNZIP.*|UNTAR.*|TABIX.*|BUILD_INTERVALS|CREATE_INTERVALS_BED|VCFTOOLS|BCFTOOLS.*|SAMTOOLS_INDEX` matches process NFCORE_SAREK:PREPARE_INTERVALS:TABIX_BGZIPTABIX_INTERVAL_COMBINED
Aug-14 11:53:00.600 [main] DEBUG n.script.dsl.ProcessConfigBuilder - Config settings `withName:UNZIP.*|UNTAR.*|TABIX.*|BUILD_INTERVALS|CREATE_INTERVALS_BED|VCFTOOLS|BCFTOOLS.*|SAMTOOLS_INDEX` matches process NFCORE_SAREK:PREPARE_INTERVALS:TABIX_BGZIPTABIX_INTERVAL_COMBINED
Aug-14 11:53:00.600 [main] DEBUG n.script.dsl.ProcessConfigBuilder - Config settings `withName:TABIX_BGZIPTABIX_INTERVAL_SPLIT|TABIX_BGZIPTABIX_INTERVAL_COMBINED` matches process NFCORE_SAREK:PREPARE_INTERVALS:TABIX_BGZIPTABIX_INTERVAL_COMBINED
Aug-14 11:53:00.604 [main] DEBUG nextflow.executor.ExecutorFactory - << taskConfig executor: null
Aug-14 11:53:00.604 [main] DEBUG nextflow.executor.ExecutorFactory - >> processorType: 'local'
Aug-14 11:53:00.604 [main] DEBUG nextflow.processor.TaskProcessor - Creating process 'NFCORE_SAREK:PREPARE_INTERVALS:TABIX_BGZIPTABIX_INTERVAL_COMBINED': maxForks=0; fair=false; array=0
Aug-14 11:53:00.629 [main] DEBUG n.script.dsl.ProcessConfigBuilder - Config settings `withLabel:process_medium` matches labels `process_medium` for process with name NFCORE_SAREK:SAREK:SPRING_DECOMPRESS_TO_FQ_PAIR
Aug-14 11:53:00.634 [main] DEBUG n.script.dsl.ProcessConfigBuilder - Config settings `withName:NFCORE_SAREK:SAREK:SPRING_DECOMPRESS_.*` matches process NFCORE_SAREK:SAREK:SPRING_DECOMPRESS_TO_FQ_PAIR
Aug-14 11:53:00.637 [main] DEBUG nextflow.executor.ExecutorFactory - << taskConfig executor: null
Aug-14 11:53:00.637 [main] DEBUG nextflow.executor.ExecutorFactory - >> processorType: 'local'
Aug-14 11:53:00.638 [main] DEBUG nextflow.processor.TaskProcessor - Creating process 'NFCORE_SAREK:SAREK:SPRING_DECOMPRESS_TO_FQ_PAIR': maxForks=0; fair=false; array=0
Aug-14 11:53:00.640 [main] DEBUG n.script.dsl.ProcessConfigBuilder - Config settings `withLabel:process_medium` matches labels `process_medium` for process with name NFCORE_SAREK:SAREK:SPRING_DECOMPRESS_TO_R1_FQ
Aug-14 11:53:00.642 [main] DEBUG n.script.dsl.ProcessConfigBuilder - Config settings `withName:NFCORE_SAREK:SAREK:SPRING_DECOMPRESS_.*` matches process NFCORE_SAREK:SAREK:SPRING_DECOMPRESS_TO_R1_FQ
Aug-14 11:53:00.645 [main] DEBUG nextflow.executor.ExecutorFactory - << taskConfig executor: null
Aug-14 11:53:00.645 [main] DEBUG nextflow.executor.ExecutorFactory - >> processorType: 'local'
Aug-14 11:53:00.645 [main] DEBUG nextflow.processor.TaskProcessor - Creating process 'NFCORE_SAREK:SAREK:SPRING_DECOMPRESS_TO_R1_FQ': maxForks=0; fair=false; array=0
Aug-14 11:53:00.646 [main] DEBUG n.script.dsl.ProcessConfigBuilder - Config settings `withLabel:process_medium` matches labels `process_medium` for process with name NFCORE_SAREK:SAREK:SPRING_DECOMPRESS_TO_R2_FQ
Aug-14 11:53:00.649 [main] DEBUG n.script.dsl.ProcessConfigBuilder - Config settings `withName:NFCORE_SAREK:SAREK:SPRING_DECOMPRESS_.*` matches process NFCORE_SAREK:SAREK:SPRING_DECOMPRESS_TO_R2_FQ
Aug-14 11:53:00.651 [main] DEBUG nextflow.executor.ExecutorFactory - << taskConfig executor: null
Aug-14 11:53:00.651 [main] DEBUG nextflow.executor.ExecutorFactory - >> processorType: 'local'
Aug-14 11:53:00.651 [main] DEBUG nextflow.processor.TaskProcessor - Creating process 'NFCORE_SAREK:SAREK:SPRING_DECOMPRESS_TO_R2_FQ': maxForks=0; fair=false; array=0
Aug-14 11:53:00.657 [main] DEBUG n.script.dsl.ProcessConfigBuilder - Config settings `withLabel:process_low` matches labels `process_low` for process with name NFCORE_SAREK:SAREK:CONVERT_FASTQ_INPUT:SAMTOOLS_VIEW_MAP_MAP
Aug-14 11:53:00.659 [main] DEBUG n.script.dsl.ProcessConfigBuilder - Config settings `withName:SAMTOOLS_VIEW_MAP_MAP` matches process NFCORE_SAREK:SAREK:CONVERT_FASTQ_INPUT:SAMTOOLS_VIEW_MAP_MAP
Aug-14 11:53:00.662 [main] DEBUG nextflow.executor.ExecutorFactory - << taskConfig executor: null
Aug-14 11:53:00.662 [main] DEBUG nextflow.executor.ExecutorFactory - >> processorType: 'local'
Aug-14 11:53:00.662 [main] DEBUG nextflow.processor.TaskProcessor - Creating process 'NFCORE_SAREK:SAREK:CONVERT_FASTQ_INPUT:SAMTOOLS_VIEW_MAP_MAP': maxForks=0; fair=false; array=0
Aug-14 11:53:00.664 [main] DEBUG n.script.dsl.ProcessConfigBuilder - Config settings `withLabel:process_low` matches labels `process_low` for process with name NFCORE_SAREK:SAREK:CONVERT_FASTQ_INPUT:SAMTOOLS_VIEW_UNMAP_UNMAP
Aug-14 11:53:00.666 [main] DEBUG n.script.dsl.ProcessConfigBuilder - Config settings `withName:SAMTOOLS_VIEW_UNMAP_UNMAP` matches process NFCORE_SAREK:SAREK:CONVERT_FASTQ_INPUT:SAMTOOLS_VIEW_UNMAP_UNMAP
Aug-14 11:53:00.669 [main] DEBUG nextflow.executor.ExecutorFactory - << taskConfig executor: null
Aug-14 11:53:00.669 [main] DEBUG nextflow.executor.ExecutorFactory - >> processorType: 'local'
Aug-14 11:53:00.669 [main] DEBUG nextflow.processor.TaskProcessor - Creating process 'NFCORE_SAREK:SAREK:CONVERT_FASTQ_INPUT:SAMTOOLS_VIEW_UNMAP_UNMAP': maxForks=0; fair=false; array=0
Aug-14 11:53:00.671 [main] DEBUG n.script.dsl.ProcessConfigBuilder - Config settings `withLabel:process_low` matches labels `process_low` for process with name NFCORE_SAREK:SAREK:CONVERT_FASTQ_INPUT:SAMTOOLS_VIEW_UNMAP_MAP
Aug-14 11:53:00.674 [main] DEBUG n.script.dsl.ProcessConfigBuilder - Config settings `withName:SAMTOOLS_VIEW_UNMAP_MAP` matches process NFCORE_SAREK:SAREK:CONVERT_FASTQ_INPUT:SAMTOOLS_VIEW_UNMAP_MAP
Aug-14 11:53:00.680 [main] DEBUG nextflow.executor.ExecutorFactory - << taskConfig executor: null
Aug-14 11:53:00.680 [main] DEBUG nextflow.executor.ExecutorFactory - >> processorType: 'local'
Aug-14 11:53:00.680 [main] DEBUG nextflow.processor.TaskProcessor - Creating process 'NFCORE_SAREK:SAREK:CONVERT_FASTQ_INPUT:SAMTOOLS_VIEW_UNMAP_MAP': maxForks=0; fair=false; array=0
Aug-14 11:53:00.683 [main] DEBUG n.script.dsl.ProcessConfigBuilder - Config settings `withLabel:process_low` matches labels `process_low` for process with name NFCORE_SAREK:SAREK:CONVERT_FASTQ_INPUT:SAMTOOLS_VIEW_MAP_UNMAP
Aug-14 11:53:00.684 [main] DEBUG n.script.dsl.ProcessConfigBuilder - Config settings `withName:SAMTOOLS_VIEW_MAP_UNMAP` matches process NFCORE_SAREK:SAREK:CONVERT_FASTQ_INPUT:SAMTOOLS_VIEW_MAP_UNMAP
Aug-14 11:53:00.688 [main] DEBUG nextflow.executor.ExecutorFactory - << taskConfig executor: null
Aug-14 11:53:00.688 [main] DEBUG nextflow.executor.ExecutorFactory - >> processorType: 'local'
Aug-14 11:53:00.688 [main] DEBUG nextflow.processor.TaskProcessor - Creating process 'NFCORE_SAREK:SAREK:CONVERT_FASTQ_INPUT:SAMTOOLS_VIEW_MAP_UNMAP': maxForks=0; fair=false; array=0
Aug-14 11:53:00.694 [main] DEBUG n.script.dsl.ProcessConfigBuilder - Config settings `withLabel:process_low` matches labels `process_low` for process with name NFCORE_SAREK:SAREK:CONVERT_FASTQ_INPUT:SAMTOOLS_MERGE_UNMAP
Aug-14 11:53:00.695 [main] DEBUG n.script.dsl.ProcessConfigBuilder - Config settings `withName:SAMTOOLS_MERGE_UNMAP` matches process NFCORE_SAREK:SAREK:CONVERT_FASTQ_INPUT:SAMTOOLS_MERGE_UNMAP
Aug-14 11:53:00.698 [main] DEBUG nextflow.executor.ExecutorFactory - << taskConfig executor: null
Aug-14 11:53:00.698 [main] DEBUG nextflow.executor.ExecutorFactory - >> processorType: 'local'
Aug-14 11:53:00.698 [main] DEBUG nextflow.processor.TaskProcessor - Creating process 'NFCORE_SAREK:SAREK:CONVERT_FASTQ_INPUT:SAMTOOLS_MERGE_UNMAP': maxForks=0; fair=false; array=0
Aug-14 11:53:00.700 [main] DEBUG n.script.dsl.ProcessConfigBuilder - Config settings `withLabel:process_low` matches labels `process_low` for process with name NFCORE_SAREK:SAREK:CONVERT_FASTQ_INPUT:COLLATE_FASTQ_UNMAP
Aug-14 11:53:00.701 [main] DEBUG n.script.dsl.ProcessConfigBuilder - Config settings `withName:COLLATE_FASTQ_UNMAP` matches process NFCORE_SAREK:SAREK:CONVERT_FASTQ_INPUT:COLLATE_FASTQ_UNMAP
Aug-14 11:53:00.703 [main] DEBUG nextflow.executor.ExecutorFactory - << taskConfig executor: null
Aug-14 11:53:00.703 [main] DEBUG nextflow.executor.ExecutorFactory - >> processorType: 'local'
Aug-14 11:53:00.703 [main] DEBUG nextflow.processor.TaskProcessor - Creating process 'NFCORE_SAREK:SAREK:CONVERT_FASTQ_INPUT:COLLATE_FASTQ_UNMAP': maxForks=0; fair=false; array=0
Aug-14 11:53:00.705 [main] DEBUG n.script.dsl.ProcessConfigBuilder - Config settings `withLabel:process_low` matches labels `process_low` for process with name NFCORE_SAREK:SAREK:CONVERT_FASTQ_INPUT:COLLATE_FASTQ_MAP
Aug-14 11:53:00.706 [main] DEBUG n.script.dsl.ProcessConfigBuilder - Config settings `withName:COLLATE_FASTQ_MAP` matches process NFCORE_SAREK:SAREK:CONVERT_FASTQ_INPUT:COLLATE_FASTQ_MAP
Aug-14 11:53:00.709 [main] DEBUG nextflow.executor.ExecutorFactory - << taskConfig executor: null
Aug-14 11:53:00.709 [main] DEBUG nextflow.executor.ExecutorFactory - >> processorType: 'local'
Aug-14 11:53:00.709 [main] DEBUG nextflow.processor.TaskProcessor - Creating process 'NFCORE_SAREK:SAREK:CONVERT_FASTQ_INPUT:COLLATE_FASTQ_MAP': maxForks=0; fair=false; array=0
Aug-14 11:53:00.713 [main] DEBUG n.script.dsl.ProcessConfigBuilder - Config settings `withLabel:process_single` matches labels `process_single` for process with name NFCORE_SAREK:SAREK:CONVERT_FASTQ_INPUT:CAT_FASTQ
Aug-14 11:53:00.713 [main] DEBUG n.script.dsl.ProcessConfigBuilder - Config settings `withName:CAT_FASTQ` matches process NFCORE_SAREK:SAREK:CONVERT_FASTQ_INPUT:CAT_FASTQ
Aug-14 11:53:00.715 [main] DEBUG nextflow.executor.ExecutorFactory - << taskConfig executor: null
Aug-14 11:53:00.715 [main] DEBUG nextflow.executor.ExecutorFactory - >> processorType: 'local'
Aug-14 11:53:00.715 [main] DEBUG nextflow.processor.TaskProcessor - Creating process 'NFCORE_SAREK:SAREK:CONVERT_FASTQ_INPUT:CAT_FASTQ': maxForks=0; fair=false; array=0
Aug-14 11:53:00.722 [main] DEBUG n.script.dsl.ProcessConfigBuilder - Config settings `withLabel:process_medium` matches labels `process_medium` for process with name NFCORE_SAREK:SAREK:FASTQC
Aug-14 11:53:00.723 [main] DEBUG n.script.dsl.ProcessConfigBuilder - Config settings `withName:FASTQC` matches process NFCORE_SAREK:SAREK:FASTQC
Aug-14 11:53:00.725 [main] DEBUG nextflow.executor.ExecutorFactory - << taskConfig executor: null
Aug-14 11:53:00.725 [main] DEBUG nextflow.executor.ExecutorFactory - >> processorType: 'local'
Aug-14 11:53:00.725 [main] DEBUG nextflow.processor.TaskProcessor - Creating process 'NFCORE_SAREK:SAREK:FASTQC': maxForks=0; fair=false; array=0
Aug-14 11:53:00.736 [main] DEBUG n.script.dsl.ProcessConfigBuilder - Config settings `withLabel:process_high` matches labels `process_high` for process with name NFCORE_SAREK:SAREK:FASTQ_PREPROCESS_GATK:FASTQ_ALIGN:BWAMEM1_MEM
Aug-14 11:53:00.737 [main] DEBUG n.script.dsl.ProcessConfigBuilder - Config settings `withName:BWAMEM1_MEM|BWAMEM2_MEM` matches process NFCORE_SAREK:SAREK:FASTQ_PREPROCESS_GATK:FASTQ_ALIGN:BWAMEM1_MEM
Aug-14 11:53:00.737 [main] DEBUG n.script.dsl.ProcessConfigBuilder - Config settings `withName:BWAMEM1_MEM` matches process NFCORE_SAREK:SAREK:FASTQ_PREPROCESS_GATK:FASTQ_ALIGN:BWAMEM1_MEM
Aug-14 11:53:00.737 [main] DEBUG n.script.dsl.ProcessConfigBuilder - Config settings `withName:BWAMEM.*_MEM|DRAGMAP_ALIGN|SENTIEON_BWAMEM` matches process NFCORE_SAREK:SAREK:FASTQ_PREPROCESS_GATK:FASTQ_ALIGN:BWAMEM1_MEM
Aug-14 11:53:00.737 [main] DEBUG n.script.dsl.ProcessConfigBuilder - Config settings `withName:BWAMEM.*_MEM|DRAGMAP_ALIGN` matches process NFCORE_SAREK:SAREK:FASTQ_PREPROCESS_GATK:FASTQ_ALIGN:BWAMEM1_MEM
Aug-14 11:53:00.737 [main] DEBUG n.script.dsl.ProcessConfigBuilder - Config settings `withName:BWAMEM.*_MEM|SENTIEON_BWAMEM` matches process NFCORE_SAREK:SAREK:FASTQ_PREPROCESS_GATK:FASTQ_ALIGN:BWAMEM1_MEM
Aug-14 11:53:00.739 [main] DEBUG nextflow.executor.ExecutorFactory - << taskConfig executor: null
Aug-14 11:53:00.739 [main] DEBUG nextflow.executor.ExecutorFactory - >> processorType: 'local'
Aug-14 11:53:00.739 [main] DEBUG nextflow.processor.TaskProcessor - Creating process 'NFCORE_SAREK:SAREK:FASTQ_PREPROCESS_GATK:FASTQ_ALIGN:BWAMEM1_MEM': maxForks=0; fair=false; array=0
Aug-14 11:53:00.744 [main] DEBUG n.script.dsl.ProcessConfigBuilder - Config settings `withLabel:process_high` matches labels `process_high` for process with name NFCORE_SAREK:SAREK:FASTQ_PREPROCESS_GATK:FASTQ_ALIGN:BWAMEM2_MEM
Aug-14 11:53:00.745 [main] DEBUG n.script.dsl.ProcessConfigBuilder - Config settings `withName:BWAMEM1_MEM|BWAMEM2_MEM` matches process NFCORE_SAREK:SAREK:FASTQ_PREPROCESS_GATK:FASTQ_ALIGN:BWAMEM2_MEM
Aug-14 11:53:00.745 [main] DEBUG n.script.dsl.ProcessConfigBuilder - Config settings `withName:BWAMEM2_MEM` matches process NFCORE_SAREK:SAREK:FASTQ_PREPROCESS_GATK:FASTQ_ALIGN:BWAMEM2_MEM
Aug-14 11:53:00.745 [main] DEBUG n.script.dsl.ProcessConfigBuilder - Config settings `withName:BWAMEM.*_MEM|DRAGMAP_ALIGN|SENTIEON_BWAMEM` matches process NFCORE_SAREK:SAREK:FASTQ_PREPROCESS_GATK:FASTQ_ALIGN:BWAMEM2_MEM
Aug-14 11:53:00.745 [main] DEBUG n.script.dsl.ProcessConfigBuilder - Config settings `withName:BWAMEM.*_MEM|DRAGMAP_ALIGN` matches process NFCORE_SAREK:SAREK:FASTQ_PREPROCESS_GATK:FASTQ_ALIGN:BWAMEM2_MEM
Aug-14 11:53:00.745 [main] DEBUG n.script.dsl.ProcessConfigBuilder - Config settings `withName:BWAMEM.*_MEM|SENTIEON_BWAMEM` matches process NFCORE_SAREK:SAREK:FASTQ_PREPROCESS_GATK:FASTQ_ALIGN:BWAMEM2_MEM
Aug-14 11:53:00.749 [main] DEBUG nextflow.executor.ExecutorFactory - << taskConfig executor: null
Aug-14 11:53:00.749 [main] DEBUG nextflow.executor.ExecutorFactory - >> processorType: 'local'
Aug-14 11:53:00.749 [main] DEBUG nextflow.processor.TaskProcessor - Creating process 'NFCORE_SAREK:SAREK:FASTQ_PREPROCESS_GATK:FASTQ_ALIGN:BWAMEM2_MEM': maxForks=0; fair=false; array=0
Aug-14 11:53:00.752 [main] DEBUG n.script.dsl.ProcessConfigBuilder - Config settings `withLabel:process_high` matches labels `process_high` for process with name NFCORE_SAREK:SAREK:FASTQ_PREPROCESS_GATK:FASTQ_ALIGN:DRAGMAP_ALIGN
Aug-14 11:53:00.753 [main] DEBUG n.script.dsl.ProcessConfigBuilder - Config settings `withName:DRAGMAP_ALIGN` matches process NFCORE_SAREK:SAREK:FASTQ_PREPROCESS_GATK:FASTQ_ALIGN:DRAGMAP_ALIGN
Aug-14 11:53:00.753 [main] DEBUG n.script.dsl.ProcessConfigBuilder - Config settings `withName:BWAMEM.*_MEM|DRAGMAP_ALIGN|SENTIEON_BWAMEM` matches process NFCORE_SAREK:SAREK:FASTQ_PREPROCESS_GATK:FASTQ_ALIGN:DRAGMAP_ALIGN
Aug-14 11:53:00.753 [main] DEBUG n.script.dsl.ProcessConfigBuilder - Config settings `withName:BWAMEM.*_MEM|DRAGMAP_ALIGN` matches process NFCORE_SAREK:SAREK:FASTQ_PREPROCESS_GATK:FASTQ_ALIGN:DRAGMAP_ALIGN
Aug-14 11:53:00.754 [main] DEBUG nextflow.executor.ExecutorFactory - << taskConfig executor: null
Aug-14 11:53:00.754 [main] DEBUG nextflow.executor.ExecutorFactory - >> processorType: 'local'
Aug-14 11:53:00.755 [main] DEBUG nextflow.processor.TaskProcessor - Creating process 'NFCORE_SAREK:SAREK:FASTQ_PREPROCESS_GATK:FASTQ_ALIGN:DRAGMAP_ALIGN': maxForks=0; fair=false; array=0
Aug-14 11:53:00.757 [main] DEBUG n.script.dsl.ProcessConfigBuilder - Config settings `withLabel:process_high` matches labels `process_high,sentieon` for process with name NFCORE_SAREK:SAREK:FASTQ_PREPROCESS_GATK:FASTQ_ALIGN:SENTIEON_BWAMEM
Aug-14 11:53:00.757 [main] DEBUG n.script.dsl.ProcessConfigBuilder - Config settings `withName:SENTIEON_BWAMEM` matches process NFCORE_SAREK:SAREK:FASTQ_PREPROCESS_GATK:FASTQ_ALIGN:SENTIEON_BWAMEM
Aug-14 11:53:00.757 [main] DEBUG n.script.dsl.ProcessConfigBuilder - Config settings `withName:BWAMEM.*_MEM|DRAGMAP_ALIGN|SENTIEON_BWAMEM` matches process NFCORE_SAREK:SAREK:FASTQ_PREPROCESS_GATK:FASTQ_ALIGN:SENTIEON_BWAMEM
Aug-14 11:53:00.757 [main] DEBUG n.script.dsl.ProcessConfigBuilder - Config settings `withName:BWAMEM.*_MEM|SENTIEON_BWAMEM` matches process NFCORE_SAREK:SAREK:FASTQ_PREPROCESS_GATK:FASTQ_ALIGN:SENTIEON_BWAMEM
Aug-14 11:53:00.759 [main] DEBUG nextflow.executor.ExecutorFactory - << taskConfig executor: null
Aug-14 11:53:00.759 [main] DEBUG nextflow.executor.ExecutorFactory - >> processorType: 'local'
Aug-14 11:53:00.759 [main] DEBUG nextflow.processor.TaskProcessor - Creating process 'NFCORE_SAREK:SAREK:FASTQ_PREPROCESS_GATK:FASTQ_ALIGN:SENTIEON_BWAMEM': maxForks=0; fair=false; array=0
Aug-14 11:53:00.778 [main] DEBUG n.script.dsl.ProcessConfigBuilder - Config settings `withLabel:process_low` matches labels `process_low` for process with name NFCORE_SAREK:SAREK:FASTQ_PREPROCESS_GATK:BAM_MARKDUPLICATES:GATK4_MARKDUPLICATES
Aug-14 11:53:00.778 [main] DEBUG n.script.dsl.ProcessConfigBuilder - Config settings `withName:GATK4_MARKDUPLICATES|GATK4SPARK_MARKDUPLICATES` matches process NFCORE_SAREK:SAREK:FASTQ_PREPROCESS_GATK:BAM_MARKDUPLICATES:GATK4_MARKDUPLICATES
Aug-14 11:53:00.778 [main] DEBUG n.script.dsl.ProcessConfigBuilder - Config settings `withName:GATK4_MARKDUPLICATES` matches process NFCORE_SAREK:SAREK:FASTQ_PREPROCESS_GATK:BAM_MARKDUPLICATES:GATK4_MARKDUPLICATES
Aug-14 11:53:00.781 [main] DEBUG nextflow.executor.ExecutorFactory - << taskConfig executor: null
Aug-14 11:53:00.781 [main] DEBUG nextflow.executor.ExecutorFactory - >> processorType: 'local'
Aug-14 11:53:00.781 [main] DEBUG nextflow.processor.TaskProcessor - Creating process 'NFCORE_SAREK:SAREK:FASTQ_PREPROCESS_GATK:BAM_MARKDUPLICATES:GATK4_MARKDUPLICATES': maxForks=0; fair=false; array=0
Aug-14 11:53:00.786 [main] DEBUG n.script.dsl.ProcessConfigBuilder - Config settings `withLabel:process_single` matches labels `process_single` for process with name NFCORE_SAREK:SAREK:FASTQ_PREPROCESS_GATK:BAM_MARKDUPLICATES:CRAM_QC_MOSDEPTH_SAMTOOLS:SAMTOOLS_STATS
Aug-14 11:53:00.787 [main] DEBUG n.script.dsl.ProcessConfigBuilder - Config settings `withName:NFCORE_SAREK:SAREK:FASTQ_PREPROCESS_GATK:(BAM_MARKDUPLICATES|BAM_MARKDUPLICATES_SPARK):CRAM_QC_MOSDEPTH_SAMTOOLS:SAMTOOLS_STATS` matches process NFCORE_SAREK:SAREK:FASTQ_PREPROCESS_GATK:BAM_MARKDUPLICATES:CRAM_QC_MOSDEPTH_SAMTOOLS:SAMTOOLS_STATS
Aug-14 11:53:00.788 [main] DEBUG nextflow.executor.ExecutorFactory - << taskConfig executor: null
Aug-14 11:53:00.788 [main] DEBUG nextflow.executor.ExecutorFactory - >> processorType: 'local'
Aug-14 11:53:00.789 [main] DEBUG nextflow.processor.TaskProcessor - Creating process 'NFCORE_SAREK:SAREK:FASTQ_PREPROCESS_GATK:BAM_MARKDUPLICATES:CRAM_QC_MOSDEPTH_SAMTOOLS:SAMTOOLS_STATS': maxForks=0; fair=false; array=0
Aug-14 11:53:00.792 [main] DEBUG n.script.dsl.ProcessConfigBuilder - Config settings `withLabel:process_medium` matches labels `process_medium` for process with name NFCORE_SAREK:SAREK:FASTQ_PREPROCESS_GATK:BAM_MARKDUPLICATES:CRAM_QC_MOSDEPTH_SAMTOOLS:MOSDEPTH
Aug-14 11:53:00.792 [main] DEBUG n.script.dsl.ProcessConfigBuilder - Config settings `withName:MOSDEPTH` matches process NFCORE_SAREK:SAREK:FASTQ_PREPROCESS_GATK:BAM_MARKDUPLICATES:CRAM_QC_MOSDEPTH_SAMTOOLS:MOSDEPTH
Aug-14 11:53:00.796 [main] DEBUG nextflow.executor.ExecutorFactory - << taskConfig executor: null
Aug-14 11:53:00.796 [main] DEBUG nextflow.executor.ExecutorFactory - >> processorType: 'local'
Aug-14 11:53:00.796 [main] DEBUG nextflow.processor.TaskProcessor - Creating process 'NFCORE_SAREK:SAREK:FASTQ_PREPROCESS_GATK:BAM_MARKDUPLICATES:CRAM_QC_MOSDEPTH_SAMTOOLS:MOSDEPTH': maxForks=0; fair=false; array=0
Aug-14 11:53:00.824 [main] DEBUG n.script.dsl.ProcessConfigBuilder - Config settings `withLabel:process_low` matches labels `process_low` for process with name NFCORE_SAREK:SAREK:FASTQ_PREPROCESS_GATK:BAM_BASERECALIBRATOR:GATK4_BASERECALIBRATOR
Aug-14 11:53:00.825 [main] DEBUG n.script.dsl.ProcessConfigBuilder - Config settings `withName:GATK4_APPLYBQSR|GATK4SPARK_APPLYBQSR|GATK4_BASERECALIBRATOR|GATK4SPARK_BASERECALIBRATOR|GATK4_GATHERBQSRREPORTS` matches process NFCORE_SAREK:SAREK:FASTQ_PREPROCESS_GATK:BAM_BASERECALIBRATOR:GATK4_BASERECALIBRATOR
Aug-14 11:53:00.825 [main] DEBUG n.script.dsl.ProcessConfigBuilder - Config settings `withName:GATK4_BASERECALIBRATOR|GATK4SPARK_BASERECALIBRATOR` matches process NFCORE_SAREK:SAREK:FASTQ_PREPROCESS_GATK:BAM_BASERECALIBRATOR:GATK4_BASERECALIBRATOR
Aug-14 11:53:00.827 [main] DEBUG nextflow.executor.ExecutorFactory - << taskConfig executor: null
Aug-14 11:53:00.827 [main] DEBUG nextflow.executor.ExecutorFactory - >> processorType: 'local'
Aug-14 11:53:00.827 [main] DEBUG nextflow.processor.TaskProcessor - Creating process 'NFCORE_SAREK:SAREK:FASTQ_PREPROCESS_GATK:BAM_BASERECALIBRATOR:GATK4_BASERECALIBRATOR': maxForks=0; fair=false; array=0
Aug-14 11:53:00.830 [main] DEBUG n.script.dsl.ProcessConfigBuilder - Config settings `withLabel:process_single` matches labels `process_single` for process with name NFCORE_SAREK:SAREK:FASTQ_PREPROCESS_GATK:BAM_BASERECALIBRATOR:GATK4_GATHERBQSRREPORTS
Aug-14 11:53:00.831 [main] DEBUG n.script.dsl.ProcessConfigBuilder - Config settings `withName:GATK4_APPLYBQSR|GATK4SPARK_APPLYBQSR|GATK4_BASERECALIBRATOR|GATK4SPARK_BASERECALIBRATOR|GATK4_GATHERBQSRREPORTS` matches process NFCORE_SAREK:SAREK:FASTQ_PREPROCESS_GATK:BAM_BASERECALIBRATOR:GATK4_GATHERBQSRREPORTS
Aug-14 11:53:00.831 [main] DEBUG n.script.dsl.ProcessConfigBuilder - Config settings `withName:GATK4_GATHERBQSRREPORTS` matches process NFCORE_SAREK:SAREK:FASTQ_PREPROCESS_GATK:BAM_BASERECALIBRATOR:GATK4_GATHERBQSRREPORTS
Aug-14 11:53:00.833 [main] DEBUG nextflow.executor.ExecutorFactory - << taskConfig executor: null
Aug-14 11:53:00.833 [main] DEBUG nextflow.executor.ExecutorFactory - >> processorType: 'local'
Aug-14 11:53:00.833 [main] DEBUG nextflow.processor.TaskProcessor - Creating process 'NFCORE_SAREK:SAREK:FASTQ_PREPROCESS_GATK:BAM_BASERECALIBRATOR:GATK4_GATHERBQSRREPORTS': maxForks=0; fair=false; array=0
Aug-14 11:53:00.845 [main] DEBUG n.script.dsl.ProcessConfigBuilder - Config settings `withLabel:process_low` matches labels `process_low` for process with name NFCORE_SAREK:SAREK:FASTQ_PREPROCESS_GATK:BAM_APPLYBQSR:GATK4_APPLYBQSR
Aug-14 11:53:00.846 [main] DEBUG n.script.dsl.ProcessConfigBuilder - Config settings `withName:GATK4_APPLYBQSR|GATK4SPARK_APPLYBQSR|GATK4_BASERECALIBRATOR|GATK4SPARK_BASERECALIBRATOR|GATK4_GATHERBQSRREPORTS` matches process NFCORE_SAREK:SAREK:FASTQ_PREPROCESS_GATK:BAM_APPLYBQSR:GATK4_APPLYBQSR
Aug-14 11:53:00.846 [main] DEBUG n.script.dsl.ProcessConfigBuilder - Config settings `withName:GATK4_APPLYBQSR|GATK4SPARK_APPLYBQSR` matches process NFCORE_SAREK:SAREK:FASTQ_PREPROCESS_GATK:BAM_APPLYBQSR:GATK4_APPLYBQSR
Aug-14 11:53:00.848 [main] DEBUG nextflow.executor.ExecutorFactory - << taskConfig executor: null
Aug-14 11:53:00.848 [main] DEBUG nextflow.executor.ExecutorFactory - >> processorType: 'local'
Aug-14 11:53:00.849 [main] DEBUG nextflow.processor.TaskProcessor - Creating process 'NFCORE_SAREK:SAREK:FASTQ_PREPROCESS_GATK:BAM_APPLYBQSR:GATK4_APPLYBQSR': maxForks=0; fair=false; array=0
Aug-14 11:53:00.855 [main] DEBUG n.script.dsl.ProcessConfigBuilder - Config settings `withLabel:process_low` matches labels `process_low` for process with name NFCORE_SAREK:SAREK:FASTQ_PREPROCESS_GATK:BAM_APPLYBQSR:BAM_MERGE_INDEX_SAMTOOLS:MERGE_BAM
Aug-14 11:53:00.856 [main] DEBUG n.script.dsl.ProcessConfigBuilder - Config settings `withName:MERGE_BAM|INDEX_MERGE_BAM` matches process NFCORE_SAREK:SAREK:FASTQ_PREPROCESS_GATK:BAM_APPLYBQSR:BAM_MERGE_INDEX_SAMTOOLS:MERGE_BAM
Aug-14 11:53:00.856 [main] DEBUG n.script.dsl.ProcessConfigBuilder - Config settings `withName:MERGE_BAM` matches process NFCORE_SAREK:SAREK:FASTQ_PREPROCESS_GATK:BAM_APPLYBQSR:BAM_MERGE_INDEX_SAMTOOLS:MERGE_BAM
Aug-14 11:53:00.856 [main] DEBUG n.script.dsl.ProcessConfigBuilder - Config settings `withName:NFCORE_SAREK:SAREK:FASTQ_PREPROCESS_GATK:(BAM_APPLYBQSR|BAM_APPLYBQSR_SPARK):BAM_MERGE_INDEX_SAMTOOLS:MERGE_BAM` matches process NFCORE_SAREK:SAREK:FASTQ_PREPROCESS_GATK:BAM_APPLYBQSR:BAM_MERGE_INDEX_SAMTOOLS:MERGE_BAM
Aug-14 11:53:00.857 [main] DEBUG nextflow.executor.ExecutorFactory - << taskConfig executor: null
Aug-14 11:53:00.857 [main] DEBUG nextflow.executor.ExecutorFactory - >> processorType: 'local'
Aug-14 11:53:00.858 [main] DEBUG nextflow.processor.TaskProcessor - Creating process 'NFCORE_SAREK:SAREK:FASTQ_PREPROCESS_GATK:BAM_APPLYBQSR:BAM_MERGE_INDEX_SAMTOOLS:MERGE_BAM': maxForks=0; fair=false; array=0
Aug-14 11:53:00.861 [main] DEBUG n.script.dsl.ProcessConfigBuilder - Config settings `withLabel:process_low` matches labels `process_low` for process with name NFCORE_SAREK:SAREK:FASTQ_PREPROCESS_GATK:BAM_APPLYBQSR:BAM_MERGE_INDEX_SAMTOOLS:INDEX_MERGE_BAM
Aug-14 11:53:00.861 [main] DEBUG n.script.dsl.ProcessConfigBuilder - Config settings `withName:UNZIP.*|UNTAR.*|TABIX.*|BUILD_INTERVALS|CREATE_INTERVALS_BED|VCFTOOLS|BCFTOOLS.*|SAMTOOLS_INDEX` matches process NFCORE_SAREK:SAREK:FASTQ_PREPROCESS_GATK:BAM_APPLYBQSR:BAM_MERGE_INDEX_SAMTOOLS:INDEX_MERGE_BAM
Aug-14 11:53:00.861 [main] DEBUG n.script.dsl.ProcessConfigBuilder - Config settings `withName:MERGE_BAM|INDEX_MERGE_BAM` matches process NFCORE_SAREK:SAREK:FASTQ_PREPROCESS_GATK:BAM_APPLYBQSR:BAM_MERGE_INDEX_SAMTOOLS:INDEX_MERGE_BAM
Aug-14 11:53:00.862 [main] DEBUG n.script.dsl.ProcessConfigBuilder - Config settings `withName:NFCORE_SAREK:SAREK:FASTQ_PREPROCESS_GATK:(BAM_APPLYBQSR|BAM_APPLYBQSR_SPARK):BAM_MERGE_INDEX_SAMTOOLS:INDEX_MERGE_BAM` matches process NFCORE_SAREK:SAREK:FASTQ_PREPROCESS_GATK:BAM_APPLYBQSR:BAM_MERGE_INDEX_SAMTOOLS:INDEX_MERGE_BAM
Aug-14 11:53:00.863 [main] DEBUG nextflow.executor.ExecutorFactory - << taskConfig executor: null
Aug-14 11:53:00.863 [main] DEBUG nextflow.executor.ExecutorFactory - >> processorType: 'local'
Aug-14 11:53:00.863 [main] DEBUG nextflow.processor.TaskProcessor - Creating process 'NFCORE_SAREK:SAREK:FASTQ_PREPROCESS_GATK:BAM_APPLYBQSR:BAM_MERGE_INDEX_SAMTOOLS:INDEX_MERGE_BAM': maxForks=0; fair=false; array=0
Aug-14 11:53:00.871 [main] DEBUG n.script.dsl.ProcessConfigBuilder - Config settings `withLabel:process_low` matches labels `process_low` for process with name NFCORE_SAREK:SAREK:FASTQ_PREPROCESS_GATK:BAM_APPLYBQSR:CRAM_MERGE_INDEX_SAMTOOLS:MERGE_CRAM
Aug-14 11:53:00.872 [main] DEBUG n.script.dsl.ProcessConfigBuilder - Config settings `withName:NFCORE_SAREK:SAREK:FASTQ_PREPROCESS_GATK:(BAM_APPLYBQSR|BAM_APPLYBQSR_SPARK):CRAM_MERGE_INDEX_SAMTOOLS:MERGE_CRAM` matches process NFCORE_SAREK:SAREK:FASTQ_PREPROCESS_GATK:BAM_APPLYBQSR:CRAM_MERGE_INDEX_SAMTOOLS:MERGE_CRAM
Aug-14 11:53:00.876 [main] DEBUG nextflow.executor.ExecutorFactory - << taskConfig executor: null
Aug-14 11:53:00.876 [main] DEBUG nextflow.executor.ExecutorFactory - >> processorType: 'local'
Aug-14 11:53:00.877 [main] DEBUG nextflow.processor.TaskProcessor - Creating process 'NFCORE_SAREK:SAREK:FASTQ_PREPROCESS_GATK:BAM_APPLYBQSR:CRAM_MERGE_INDEX_SAMTOOLS:MERGE_CRAM': maxForks=0; fair=false; array=0
Aug-14 11:53:00.880 [main] DEBUG n.script.dsl.ProcessConfigBuilder - Config settings `withLabel:process_low` matches labels `process_low` for process with name NFCORE_SAREK:SAREK:FASTQ_PREPROCESS_GATK:BAM_APPLYBQSR:CRAM_MERGE_INDEX_SAMTOOLS:INDEX_CRAM
Aug-14 11:53:00.880 [main] DEBUG n.script.dsl.ProcessConfigBuilder - Config settings `withName:UNZIP.*|UNTAR.*|TABIX.*|BUILD_INTERVALS|CREATE_INTERVALS_BED|VCFTOOLS|BCFTOOLS.*|SAMTOOLS_INDEX` matches process NFCORE_SAREK:SAREK:FASTQ_PREPROCESS_GATK:BAM_APPLYBQSR:CRAM_MERGE_INDEX_SAMTOOLS:INDEX_CRAM
Aug-14 11:53:00.882 [main] DEBUG n.script.dsl.ProcessConfigBuilder - Config settings `withName:NFCORE_SAREK:SAREK:FASTQ_PREPROCESS_GATK:(BAM_APPLYBQSR|BAM_APPLYBQSR_SPARK):CRAM_MERGE_INDEX_SAMTOOLS:INDEX_CRAM` matches process NFCORE_SAREK:SAREK:FASTQ_PREPROCESS_GATK:BAM_APPLYBQSR:CRAM_MERGE_INDEX_SAMTOOLS:INDEX_CRAM
Aug-14 11:53:00.883 [main] DEBUG nextflow.executor.ExecutorFactory - << taskConfig executor: null
Aug-14 11:53:00.883 [main] DEBUG nextflow.executor.ExecutorFactory - >> processorType: 'local'
Aug-14 11:53:00.883 [main] DEBUG nextflow.processor.TaskProcessor - Creating process 'NFCORE_SAREK:SAREK:FASTQ_PREPROCESS_GATK:BAM_APPLYBQSR:CRAM_MERGE_INDEX_SAMTOOLS:INDEX_CRAM': maxForks=0; fair=false; array=0
Aug-14 11:53:00.907 [main] DEBUG n.script.dsl.ProcessConfigBuilder - Config settings `withLabel:process_single` matches labels `process_single` for process with name NFCORE_SAREK:SAREK:CRAM_SAMPLEQC:CRAM_QC_RECAL:SAMTOOLS_STATS
Aug-14 11:53:00.908 [main] DEBUG n.script.dsl.ProcessConfigBuilder - Config settings `withName:NFCORE_SAREK:SAREK:CRAM_SAMPLEQC:CRAM_QC_RECAL:SAMTOOLS_STATS` matches process NFCORE_SAREK:SAREK:CRAM_SAMPLEQC:CRAM_QC_RECAL:SAMTOOLS_STATS
Aug-14 11:53:00.909 [main] DEBUG nextflow.executor.ExecutorFactory - << taskConfig executor: null
Aug-14 11:53:00.909 [main] DEBUG nextflow.executor.ExecutorFactory - >> processorType: 'local'
Aug-14 11:53:00.909 [main] DEBUG nextflow.processor.TaskProcessor - Creating process 'NFCORE_SAREK:SAREK:CRAM_SAMPLEQC:CRAM_QC_RECAL:SAMTOOLS_STATS': maxForks=0; fair=false; array=0
Aug-14 11:53:00.913 [main] DEBUG n.script.dsl.ProcessConfigBuilder - Config settings `withLabel:process_medium` matches labels `process_medium` for process with name NFCORE_SAREK:SAREK:CRAM_SAMPLEQC:CRAM_QC_RECAL:MOSDEPTH
Aug-14 11:53:00.914 [main] DEBUG n.script.dsl.ProcessConfigBuilder - Config settings `withName:MOSDEPTH` matches process NFCORE_SAREK:SAREK:CRAM_SAMPLEQC:CRAM_QC_RECAL:MOSDEPTH
Aug-14 11:53:00.914 [main] DEBUG n.script.dsl.ProcessConfigBuilder - Config settings `withName:NFCORE_SAREK:SAREK:CRAM_SAMPLEQC:CRAM_QC_RECAL:MOSDEPTH` matches process NFCORE_SAREK:SAREK:CRAM_SAMPLEQC:CRAM_QC_RECAL:MOSDEPTH
Aug-14 11:53:00.915 [main] DEBUG nextflow.executor.ExecutorFactory - << taskConfig executor: null
Aug-14 11:53:00.915 [main] DEBUG nextflow.executor.ExecutorFactory - >> processorType: 'local'
Aug-14 11:53:00.915 [main] DEBUG nextflow.processor.TaskProcessor - Creating process 'NFCORE_SAREK:SAREK:CRAM_SAMPLEQC:CRAM_QC_RECAL:MOSDEPTH': maxForks=0; fair=false; array=0
Aug-14 11:53:00.936 [main] DEBUG n.script.dsl.ProcessConfigBuilder - Config settings `withLabel:process_medium` matches labels `process_medium` for process with name NFCORE_SAREK:SAREK:CRAM_SAMPLEQC:BAM_NGSCHECKMATE:BCFTOOLS_MPILEUP
Aug-14 11:53:00.936 [main] DEBUG n.script.dsl.ProcessConfigBuilder - Config settings `withName:UNZIP.*|UNTAR.*|TABIX.*|BUILD_INTERVALS|CREATE_INTERVALS_BED|VCFTOOLS|BCFTOOLS.*|SAMTOOLS_INDEX` matches process NFCORE_SAREK:SAREK:CRAM_SAMPLEQC:BAM_NGSCHECKMATE:BCFTOOLS_MPILEUP
Aug-14 11:53:00.937 [main] DEBUG n.script.dsl.ProcessConfigBuilder - Config settings `withName:BCFTOOLS_MPILEUP` matches process NFCORE_SAREK:SAREK:CRAM_SAMPLEQC:BAM_NGSCHECKMATE:BCFTOOLS_MPILEUP
Aug-14 11:53:00.938 [main] DEBUG n.script.dsl.ProcessConfigBuilder - Config settings `withName:.*BAM_NGSCHECKMATE:BCFTOOLS_MPILEUP` matches process NFCORE_SAREK:SAREK:CRAM_SAMPLEQC:BAM_NGSCHECKMATE:BCFTOOLS_MPILEUP
Aug-14 11:53:00.939 [main] DEBUG nextflow.executor.ExecutorFactory - << taskConfig executor: null
Aug-14 11:53:00.939 [main] DEBUG nextflow.executor.ExecutorFactory - >> processorType: 'local'
Aug-14 11:53:00.939 [main] DEBUG nextflow.processor.TaskProcessor - Creating process 'NFCORE_SAREK:SAREK:CRAM_SAMPLEQC:BAM_NGSCHECKMATE:BCFTOOLS_MPILEUP': maxForks=0; fair=false; array=0
Aug-14 11:53:00.952 [main] DEBUG n.script.dsl.ProcessConfigBuilder - Config settings `withLabel:process_low` matches labels `process_low` for process with name NFCORE_SAREK:SAREK:CRAM_SAMPLEQC:BAM_NGSCHECKMATE:NGSCHECKMATE_NCM
Aug-14 11:53:00.953 [main] DEBUG n.script.dsl.ProcessConfigBuilder - Config settings `withName:.*BAM_NGSCHECKMATE:NGSCHECKMATE_NCM` matches process NFCORE_SAREK:SAREK:CRAM_SAMPLEQC:BAM_NGSCHECKMATE:NGSCHECKMATE_NCM
Aug-14 11:53:00.956 [main] DEBUG nextflow.executor.ExecutorFactory - << taskConfig executor: null
Aug-14 11:53:00.956 [main] DEBUG nextflow.executor.ExecutorFactory - >> processorType: 'local'
Aug-14 11:53:00.957 [main] DEBUG nextflow.processor.TaskProcessor - Creating process 'NFCORE_SAREK:SAREK:CRAM_SAMPLEQC:BAM_NGSCHECKMATE:NGSCHECKMATE_NCM': maxForks=0; fair=false; array=0
Aug-14 11:53:01.016 [main] DEBUG n.script.dsl.ProcessConfigBuilder - Config settings `withLabel:error_retry` matches labels `process_medium,error_retry` for process with name NFCORE_SAREK:SAREK:BAM_VARIANT_CALLING_GERMLINE_ALL:BAM_VARIANT_CALLING_SINGLE_STRELKA:STRELKA_SINGLE
Aug-14 11:53:01.016 [main] DEBUG n.script.dsl.ProcessConfigBuilder - Config settings `withLabel:process_medium` matches labels `process_medium,error_retry` for process with name NFCORE_SAREK:SAREK:BAM_VARIANT_CALLING_GERMLINE_ALL:BAM_VARIANT_CALLING_SINGLE_STRELKA:STRELKA_SINGLE
Aug-14 11:53:01.017 [main] DEBUG n.script.dsl.ProcessConfigBuilder - Config settings `withName:STRELKA.*|MANTA.*` matches process NFCORE_SAREK:SAREK:BAM_VARIANT_CALLING_GERMLINE_ALL:BAM_VARIANT_CALLING_SINGLE_STRELKA:STRELKA_SINGLE
Aug-14 11:53:01.017 [main] DEBUG n.script.dsl.ProcessConfigBuilder - Config settings `withName:STRELKA_.*` matches process NFCORE_SAREK:SAREK:BAM_VARIANT_CALLING_GERMLINE_ALL:BAM_VARIANT_CALLING_SINGLE_STRELKA:STRELKA_SINGLE
Aug-14 11:53:01.018 [main] DEBUG n.script.dsl.ProcessConfigBuilder - Config settings `withName:STRELKA.*|MANTA.*` matches process NFCORE_SAREK:SAREK:BAM_VARIANT_CALLING_GERMLINE_ALL:BAM_VARIANT_CALLING_SINGLE_STRELKA:STRELKA_SINGLE
Aug-14 11:53:01.019 [main] DEBUG n.script.dsl.ProcessConfigBuilder - Config settings `withName:STRELKA_.*` matches process NFCORE_SAREK:SAREK:BAM_VARIANT_CALLING_GERMLINE_ALL:BAM_VARIANT_CALLING_SINGLE_STRELKA:STRELKA_SINGLE
Aug-14 11:53:01.022 [main] DEBUG nextflow.executor.ExecutorFactory - << taskConfig executor: null
Aug-14 11:53:01.022 [main] DEBUG nextflow.executor.ExecutorFactory - >> processorType: 'local'
Aug-14 11:53:01.022 [main] DEBUG nextflow.processor.TaskProcessor - Creating process 'NFCORE_SAREK:SAREK:BAM_VARIANT_CALLING_GERMLINE_ALL:BAM_VARIANT_CALLING_SINGLE_STRELKA:STRELKA_SINGLE': maxForks=0; fair=false; array=0
Aug-14 11:53:01.042 [main] DEBUG n.script.dsl.ProcessConfigBuilder - Config settings `withLabel:process_low` matches labels `process_low` for process with name NFCORE_SAREK:SAREK:BAM_VARIANT_CALLING_GERMLINE_ALL:BAM_VARIANT_CALLING_SINGLE_STRELKA:MERGE_STRELKA
Aug-14 11:53:01.042 [main] DEBUG n.script.dsl.ProcessConfigBuilder - Config settings `withName:GATK4_MERGEVCFS` matches process NFCORE_SAREK:SAREK:BAM_VARIANT_CALLING_GERMLINE_ALL:BAM_VARIANT_CALLING_SINGLE_STRELKA:MERGE_STRELKA
Aug-14 11:53:01.043 [main] DEBUG n.script.dsl.ProcessConfigBuilder - Config settings `withName:MERGE_STRELKA.*` matches process NFCORE_SAREK:SAREK:BAM_VARIANT_CALLING_GERMLINE_ALL:BAM_VARIANT_CALLING_SINGLE_STRELKA:MERGE_STRELKA
Aug-14 11:53:01.043 [main] DEBUG n.script.dsl.ProcessConfigBuilder - Config settings `withName:MERGE_STRELKA` matches process NFCORE_SAREK:SAREK:BAM_VARIANT_CALLING_GERMLINE_ALL:BAM_VARIANT_CALLING_SINGLE_STRELKA:MERGE_STRELKA
Aug-14 11:53:01.044 [main] DEBUG nextflow.executor.ExecutorFactory - << taskConfig executor: null
Aug-14 11:53:01.044 [main] DEBUG nextflow.executor.ExecutorFactory - >> processorType: 'local'
Aug-14 11:53:01.045 [main] DEBUG nextflow.processor.TaskProcessor - Creating process 'NFCORE_SAREK:SAREK:BAM_VARIANT_CALLING_GERMLINE_ALL:BAM_VARIANT_CALLING_SINGLE_STRELKA:MERGE_STRELKA': maxForks=0; fair=false; array=0
Aug-14 11:53:01.047 [main] DEBUG n.script.dsl.ProcessConfigBuilder - Config settings `withLabel:process_low` matches labels `process_low` for process with name NFCORE_SAREK:SAREK:BAM_VARIANT_CALLING_GERMLINE_ALL:BAM_VARIANT_CALLING_SINGLE_STRELKA:MERGE_STRELKA_GENOME
Aug-14 11:53:01.047 [main] DEBUG n.script.dsl.ProcessConfigBuilder - Config settings `withName:GATK4_MERGEVCFS` matches process NFCORE_SAREK:SAREK:BAM_VARIANT_CALLING_GERMLINE_ALL:BAM_VARIANT_CALLING_SINGLE_STRELKA:MERGE_STRELKA_GENOME
Aug-14 11:53:01.048 [main] DEBUG n.script.dsl.ProcessConfigBuilder - Config settings `withName:MERGE_STRELKA.*` matches process NFCORE_SAREK:SAREK:BAM_VARIANT_CALLING_GERMLINE_ALL:BAM_VARIANT_CALLING_SINGLE_STRELKA:MERGE_STRELKA_GENOME
Aug-14 11:53:01.048 [main] DEBUG n.script.dsl.ProcessConfigBuilder - Config settings `withName:MERGE_STRELKA_GENOME` matches process NFCORE_SAREK:SAREK:BAM_VARIANT_CALLING_GERMLINE_ALL:BAM_VARIANT_CALLING_SINGLE_STRELKA:MERGE_STRELKA_GENOME
Aug-14 11:53:01.049 [main] DEBUG nextflow.executor.ExecutorFactory - << taskConfig executor: null
Aug-14 11:53:01.049 [main] DEBUG nextflow.executor.ExecutorFactory - >> processorType: 'local'
Aug-14 11:53:01.049 [main] DEBUG nextflow.processor.TaskProcessor - Creating process 'NFCORE_SAREK:SAREK:BAM_VARIANT_CALLING_GERMLINE_ALL:BAM_VARIANT_CALLING_SINGLE_STRELKA:MERGE_STRELKA_GENOME': maxForks=0; fair=false; array=0
Aug-14 11:53:01.105 [main] DEBUG n.script.dsl.ProcessConfigBuilder - Config settings `withLabel:error_retry` matches labels `process_medium,error_retry` for process with name NFCORE_SAREK:SAREK:BAM_VARIANT_CALLING_SOMATIC_ALL:BAM_VARIANT_CALLING_SOMATIC_STRELKA:STRELKA_SOMATIC
Aug-14 11:53:01.105 [main] DEBUG n.script.dsl.ProcessConfigBuilder - Config settings `withLabel:process_medium` matches labels `process_medium,error_retry` for process with name NFCORE_SAREK:SAREK:BAM_VARIANT_CALLING_SOMATIC_ALL:BAM_VARIANT_CALLING_SOMATIC_STRELKA:STRELKA_SOMATIC
Aug-14 11:53:01.105 [main] DEBUG n.script.dsl.ProcessConfigBuilder - Config settings `withName:STRELKA.*|MANTA.*` matches process NFCORE_SAREK:SAREK:BAM_VARIANT_CALLING_SOMATIC_ALL:BAM_VARIANT_CALLING_SOMATIC_STRELKA:STRELKA_SOMATIC
Aug-14 11:53:01.106 [main] DEBUG n.script.dsl.ProcessConfigBuilder - Config settings `withName:STRELKA_.*` matches process NFCORE_SAREK:SAREK:BAM_VARIANT_CALLING_SOMATIC_ALL:BAM_VARIANT_CALLING_SOMATIC_STRELKA:STRELKA_SOMATIC
Aug-14 11:53:01.110 [main] DEBUG nextflow.executor.ExecutorFactory - << taskConfig executor: null
Aug-14 11:53:01.110 [main] DEBUG nextflow.executor.ExecutorFactory - >> processorType: 'local'
Aug-14 11:53:01.110 [main] DEBUG nextflow.processor.TaskProcessor - Creating process 'NFCORE_SAREK:SAREK:BAM_VARIANT_CALLING_SOMATIC_ALL:BAM_VARIANT_CALLING_SOMATIC_STRELKA:STRELKA_SOMATIC': maxForks=0; fair=false; array=0
Aug-14 11:53:01.123 [main] DEBUG n.script.dsl.ProcessConfigBuilder - Config settings `withLabel:process_low` matches labels `process_low` for process with name NFCORE_SAREK:SAREK:BAM_VARIANT_CALLING_SOMATIC_ALL:BAM_VARIANT_CALLING_SOMATIC_STRELKA:MERGE_STRELKA_INDELS
Aug-14 11:53:01.123 [main] DEBUG n.script.dsl.ProcessConfigBuilder - Config settings `withName:GATK4_MERGEVCFS` matches process NFCORE_SAREK:SAREK:BAM_VARIANT_CALLING_SOMATIC_ALL:BAM_VARIANT_CALLING_SOMATIC_STRELKA:MERGE_STRELKA_INDELS
Aug-14 11:53:01.124 [main] DEBUG n.script.dsl.ProcessConfigBuilder - Config settings `withName:MERGE_STRELKA.*` matches process NFCORE_SAREK:SAREK:BAM_VARIANT_CALLING_SOMATIC_ALL:BAM_VARIANT_CALLING_SOMATIC_STRELKA:MERGE_STRELKA_INDELS
Aug-14 11:53:01.124 [main] DEBUG n.script.dsl.ProcessConfigBuilder - Config settings `withName:MERGE_STRELKA_INDELS` matches process NFCORE_SAREK:SAREK:BAM_VARIANT_CALLING_SOMATIC_ALL:BAM_VARIANT_CALLING_SOMATIC_STRELKA:MERGE_STRELKA_INDELS
Aug-14 11:53:01.128 [main] DEBUG nextflow.executor.ExecutorFactory - << taskConfig executor: null
Aug-14 11:53:01.128 [main] DEBUG nextflow.executor.ExecutorFactory - >> processorType: 'local'
Aug-14 11:53:01.128 [main] DEBUG nextflow.processor.TaskProcessor - Creating process 'NFCORE_SAREK:SAREK:BAM_VARIANT_CALLING_SOMATIC_ALL:BAM_VARIANT_CALLING_SOMATIC_STRELKA:MERGE_STRELKA_INDELS': maxForks=0; fair=false; array=0
Aug-14 11:53:01.132 [main] DEBUG n.script.dsl.ProcessConfigBuilder - Config settings `withLabel:process_low` matches labels `process_low` for process with name NFCORE_SAREK:SAREK:BAM_VARIANT_CALLING_SOMATIC_ALL:BAM_VARIANT_CALLING_SOMATIC_STRELKA:MERGE_STRELKA_SNVS
Aug-14 11:53:01.133 [main] DEBUG n.script.dsl.ProcessConfigBuilder - Config settings `withName:GATK4_MERGEVCFS` matches process NFCORE_SAREK:SAREK:BAM_VARIANT_CALLING_SOMATIC_ALL:BAM_VARIANT_CALLING_SOMATIC_STRELKA:MERGE_STRELKA_SNVS
Aug-14 11:53:01.134 [main] DEBUG n.script.dsl.ProcessConfigBuilder - Config settings `withName:MERGE_STRELKA.*` matches process NFCORE_SAREK:SAREK:BAM_VARIANT_CALLING_SOMATIC_ALL:BAM_VARIANT_CALLING_SOMATIC_STRELKA:MERGE_STRELKA_SNVS
Aug-14 11:53:01.134 [main] DEBUG n.script.dsl.ProcessConfigBuilder - Config settings `withName:MERGE_STRELKA_SNVS` matches process NFCORE_SAREK:SAREK:BAM_VARIANT_CALLING_SOMATIC_ALL:BAM_VARIANT_CALLING_SOMATIC_STRELKA:MERGE_STRELKA_SNVS
Aug-14 11:53:01.135 [main] DEBUG nextflow.executor.ExecutorFactory - << taskConfig executor: null
Aug-14 11:53:01.135 [main] DEBUG nextflow.executor.ExecutorFactory - >> processorType: 'local'
Aug-14 11:53:01.136 [main] DEBUG nextflow.processor.TaskProcessor - Creating process 'NFCORE_SAREK:SAREK:BAM_VARIANT_CALLING_SOMATIC_ALL:BAM_VARIANT_CALLING_SOMATIC_STRELKA:MERGE_STRELKA_SNVS': maxForks=0; fair=false; array=0
Aug-14 11:53:01.177 [main] DEBUG n.script.dsl.ProcessConfigBuilder - Config settings `withLabel:process_single` matches labels `process_single` for process with name NFCORE_SAREK:SAREK:VCF_QC_BCFTOOLS_VCFTOOLS:BCFTOOLS_STATS
Aug-14 11:53:01.179 [main] DEBUG n.script.dsl.ProcessConfigBuilder - Config settings `withName:UNZIP.*|UNTAR.*|TABIX.*|BUILD_INTERVALS|CREATE_INTERVALS_BED|VCFTOOLS|BCFTOOLS.*|SAMTOOLS_INDEX` matches process NFCORE_SAREK:SAREK:VCF_QC_BCFTOOLS_VCFTOOLS:BCFTOOLS_STATS
Aug-14 11:53:01.179 [main] DEBUG n.script.dsl.ProcessConfigBuilder - Config settings `withName:BCFTOOLS_STATS` matches process NFCORE_SAREK:SAREK:VCF_QC_BCFTOOLS_VCFTOOLS:BCFTOOLS_STATS
Aug-14 11:53:01.180 [main] DEBUG nextflow.executor.ExecutorFactory - << taskConfig executor: null
Aug-14 11:53:01.180 [main] DEBUG nextflow.executor.ExecutorFactory - >> processorType: 'local'
Aug-14 11:53:01.181 [main] DEBUG nextflow.processor.TaskProcessor - Creating process 'NFCORE_SAREK:SAREK:VCF_QC_BCFTOOLS_VCFTOOLS:BCFTOOLS_STATS': maxForks=0; fair=false; array=0
Aug-14 11:53:01.189 [main] DEBUG n.script.dsl.ProcessConfigBuilder - Config settings `withLabel:process_single` matches labels `process_single` for process with name NFCORE_SAREK:SAREK:VCF_QC_BCFTOOLS_VCFTOOLS:VCFTOOLS_TSTV_COUNT
Aug-14 11:53:01.189 [main] DEBUG n.script.dsl.ProcessConfigBuilder - Config settings `withName:UNZIP.*|UNTAR.*|TABIX.*|BUILD_INTERVALS|CREATE_INTERVALS_BED|VCFTOOLS|BCFTOOLS.*|SAMTOOLS_INDEX` matches process NFCORE_SAREK:SAREK:VCF_QC_BCFTOOLS_VCFTOOLS:VCFTOOLS_TSTV_COUNT
Aug-14 11:53:01.190 [main] DEBUG n.script.dsl.ProcessConfigBuilder - Config settings `withName:VCFTOOLS_.*` matches process NFCORE_SAREK:SAREK:VCF_QC_BCFTOOLS_VCFTOOLS:VCFTOOLS_TSTV_COUNT
Aug-14 11:53:01.190 [main] DEBUG n.script.dsl.ProcessConfigBuilder - Config settings `withName:VCFTOOLS_TSTV_COUNT` matches process NFCORE_SAREK:SAREK:VCF_QC_BCFTOOLS_VCFTOOLS:VCFTOOLS_TSTV_COUNT
Aug-14 11:53:01.192 [main] DEBUG nextflow.executor.ExecutorFactory - << taskConfig executor: null
Aug-14 11:53:01.193 [main] DEBUG nextflow.executor.ExecutorFactory - >> processorType: 'local'
Aug-14 11:53:01.193 [main] DEBUG nextflow.processor.TaskProcessor - Creating process 'NFCORE_SAREK:SAREK:VCF_QC_BCFTOOLS_VCFTOOLS:VCFTOOLS_TSTV_COUNT': maxForks=0; fair=false; array=0
Aug-14 11:53:01.214 [main] DEBUG n.script.dsl.ProcessConfigBuilder - Config settings `withLabel:process_single` matches labels `process_single` for process with name NFCORE_SAREK:SAREK:VCF_QC_BCFTOOLS_VCFTOOLS:VCFTOOLS_TSTV_QUAL
Aug-14 11:53:01.214 [main] DEBUG n.script.dsl.ProcessConfigBuilder - Config settings `withName:UNZIP.*|UNTAR.*|TABIX.*|BUILD_INTERVALS|CREATE_INTERVALS_BED|VCFTOOLS|BCFTOOLS.*|SAMTOOLS_INDEX` matches process NFCORE_SAREK:SAREK:VCF_QC_BCFTOOLS_VCFTOOLS:VCFTOOLS_TSTV_QUAL
Aug-14 11:53:01.215 [main] DEBUG n.script.dsl.ProcessConfigBuilder - Config settings `withName:VCFTOOLS_.*` matches process NFCORE_SAREK:SAREK:VCF_QC_BCFTOOLS_VCFTOOLS:VCFTOOLS_TSTV_QUAL
Aug-14 11:53:01.215 [main] DEBUG n.script.dsl.ProcessConfigBuilder - Config settings `withName:VCFTOOLS_TSTV_QUAL` matches process NFCORE_SAREK:SAREK:VCF_QC_BCFTOOLS_VCFTOOLS:VCFTOOLS_TSTV_QUAL
Aug-14 11:53:01.217 [main] DEBUG nextflow.executor.ExecutorFactory - << taskConfig executor: null
Aug-14 11:53:01.217 [main] DEBUG nextflow.executor.ExecutorFactory - >> processorType: 'local'
Aug-14 11:53:01.217 [main] DEBUG nextflow.processor.TaskProcessor - Creating process 'NFCORE_SAREK:SAREK:VCF_QC_BCFTOOLS_VCFTOOLS:VCFTOOLS_TSTV_QUAL': maxForks=0; fair=false; array=0
Aug-14 11:53:01.241 [main] DEBUG n.script.dsl.ProcessConfigBuilder - Config settings `withLabel:process_single` matches labels `process_single` for process with name NFCORE_SAREK:SAREK:VCF_QC_BCFTOOLS_VCFTOOLS:VCFTOOLS_SUMMARY
Aug-14 11:53:01.242 [main] DEBUG n.script.dsl.ProcessConfigBuilder - Config settings `withName:UNZIP.*|UNTAR.*|TABIX.*|BUILD_INTERVALS|CREATE_INTERVALS_BED|VCFTOOLS|BCFTOOLS.*|SAMTOOLS_INDEX` matches process NFCORE_SAREK:SAREK:VCF_QC_BCFTOOLS_VCFTOOLS:VCFTOOLS_SUMMARY
Aug-14 11:53:01.242 [main] DEBUG n.script.dsl.ProcessConfigBuilder - Config settings `withName:VCFTOOLS_.*` matches process NFCORE_SAREK:SAREK:VCF_QC_BCFTOOLS_VCFTOOLS:VCFTOOLS_SUMMARY
Aug-14 11:53:01.242 [main] DEBUG n.script.dsl.ProcessConfigBuilder - Config settings `withName:VCFTOOLS_SUMMARY` matches process NFCORE_SAREK:SAREK:VCF_QC_BCFTOOLS_VCFTOOLS:VCFTOOLS_SUMMARY
Aug-14 11:53:01.244 [main] DEBUG nextflow.executor.ExecutorFactory - << taskConfig executor: null
Aug-14 11:53:01.244 [main] DEBUG nextflow.executor.ExecutorFactory - >> processorType: 'local'
Aug-14 11:53:01.244 [main] DEBUG nextflow.processor.TaskProcessor - Creating process 'NFCORE_SAREK:SAREK:VCF_QC_BCFTOOLS_VCFTOOLS:VCFTOOLS_SUMMARY': maxForks=0; fair=false; array=0
Aug-14 11:53:01.456 [main] DEBUG n.script.dsl.ProcessConfigBuilder - Config settings `withLabel:process_single` matches labels `process_single` for process with name NFCORE_SAREK:SAREK:MULTIQC
Aug-14 11:53:01.457 [main] DEBUG n.script.dsl.ProcessConfigBuilder - Config settings `withName:MULTIQC` matches process NFCORE_SAREK:SAREK:MULTIQC
Aug-14 11:53:01.461 [main] DEBUG nextflow.executor.ExecutorFactory - << taskConfig executor: null
Aug-14 11:53:01.461 [main] DEBUG nextflow.executor.ExecutorFactory - >> processorType: 'local'
Aug-14 11:53:01.461 [main] DEBUG nextflow.processor.TaskProcessor - Creating process 'NFCORE_SAREK:SAREK:MULTIQC': maxForks=0; fair=false; array=0
Aug-14 11:53:01.480 [main] DEBUG nextflow.Session - Config process names validation disabled as requested
Aug-14 11:53:01.482 [main] DEBUG nextflow.Session - Igniting dataflow network (203)
Aug-14 11:53:01.486 [main] DEBUG nextflow.processor.TaskProcessor - Starting process > NFCORE_SAREK:PREPARE_GENOME:BWAMEM1_INDEX
Aug-14 11:53:01.491 [main] DEBUG nextflow.processor.TaskProcessor - Starting process > NFCORE_SAREK:PREPARE_INTERVALS:CREATE_INTERVALS_BED
Aug-14 11:53:01.492 [main] DEBUG nextflow.processor.TaskProcessor - Starting process > NFCORE_SAREK:PREPARE_INTERVALS:GATK4_INTERVALLISTTOBED
Aug-14 11:53:01.492 [main] DEBUG nextflow.processor.TaskProcessor - Starting process > NFCORE_SAREK:PREPARE_INTERVALS:TABIX_BGZIPTABIX_INTERVAL_SPLIT
Aug-14 11:53:01.492 [main] DEBUG nextflow.processor.TaskProcessor - Starting process > NFCORE_SAREK:PREPARE_INTERVALS:TABIX_BGZIPTABIX_INTERVAL_COMBINED
Aug-14 11:53:01.509 [main] DEBUG nextflow.processor.TaskProcessor - Starting process > NFCORE_SAREK:SAREK:SPRING_DECOMPRESS_TO_FQ_PAIR
Aug-14 11:53:01.509 [main] DEBUG nextflow.processor.TaskProcessor - Starting process > NFCORE_SAREK:SAREK:SPRING_DECOMPRESS_TO_R1_FQ
Aug-14 11:53:01.509 [main] DEBUG nextflow.processor.TaskProcessor - Starting process > NFCORE_SAREK:SAREK:SPRING_DECOMPRESS_TO_R2_FQ
Aug-14 11:53:01.509 [main] DEBUG nextflow.processor.TaskProcessor - Starting process > NFCORE_SAREK:SAREK:CONVERT_FASTQ_INPUT:SAMTOOLS_VIEW_MAP_MAP
Aug-14 11:53:01.509 [main] DEBUG nextflow.processor.TaskProcessor - Starting process > NFCORE_SAREK:SAREK:CONVERT_FASTQ_INPUT:SAMTOOLS_VIEW_UNMAP_UNMAP
Aug-14 11:53:01.509 [main] DEBUG nextflow.processor.TaskProcessor - Starting process > NFCORE_SAREK:SAREK:CONVERT_FASTQ_INPUT:SAMTOOLS_VIEW_UNMAP_MAP
Aug-14 11:53:01.509 [main] DEBUG nextflow.processor.TaskProcessor - Starting process > NFCORE_SAREK:SAREK:CONVERT_FASTQ_INPUT:SAMTOOLS_VIEW_MAP_UNMAP
Aug-14 11:53:01.509 [main] DEBUG nextflow.processor.TaskProcessor - Starting process > NFCORE_SAREK:SAREK:CONVERT_FASTQ_INPUT:SAMTOOLS_MERGE_UNMAP
Aug-14 11:53:01.509 [main] DEBUG nextflow.processor.TaskProcessor - Starting process > NFCORE_SAREK:SAREK:CONVERT_FASTQ_INPUT:COLLATE_FASTQ_UNMAP
Aug-14 11:53:01.509 [main] DEBUG nextflow.processor.TaskProcessor - Starting process > NFCORE_SAREK:SAREK:CONVERT_FASTQ_INPUT:COLLATE_FASTQ_MAP
Aug-14 11:53:01.509 [main] DEBUG nextflow.processor.TaskProcessor - Starting process > NFCORE_SAREK:SAREK:CONVERT_FASTQ_INPUT:CAT_FASTQ
Aug-14 11:53:01.509 [main] DEBUG nextflow.processor.TaskProcessor - Starting process > NFCORE_SAREK:SAREK:FASTQC
Aug-14 11:53:01.509 [main] DEBUG nextflow.processor.TaskProcessor - Starting process > NFCORE_SAREK:SAREK:FASTQ_PREPROCESS_GATK:FASTQ_ALIGN:BWAMEM1_MEM
Aug-14 11:53:01.512 [main] DEBUG nextflow.processor.TaskProcessor - Starting process > NFCORE_SAREK:SAREK:FASTQ_PREPROCESS_GATK:FASTQ_ALIGN:BWAMEM2_MEM
Aug-14 11:53:01.512 [main] DEBUG nextflow.processor.TaskProcessor - Starting process > NFCORE_SAREK:SAREK:FASTQ_PREPROCESS_GATK:FASTQ_ALIGN:DRAGMAP_ALIGN
Aug-14 11:53:01.512 [main] DEBUG nextflow.processor.TaskProcessor - Starting process > NFCORE_SAREK:SAREK:FASTQ_PREPROCESS_GATK:FASTQ_ALIGN:SENTIEON_BWAMEM
Aug-14 11:53:01.515 [main] DEBUG nextflow.processor.TaskProcessor - Starting process > NFCORE_SAREK:SAREK:FASTQ_PREPROCESS_GATK:BAM_MARKDUPLICATES:GATK4_MARKDUPLICATES
Aug-14 11:53:01.515 [main] DEBUG nextflow.processor.TaskProcessor - Starting process > NFCORE_SAREK:SAREK:FASTQ_PREPROCESS_GATK:BAM_MARKDUPLICATES:CRAM_QC_MOSDEPTH_SAMTOOLS:SAMTOOLS_STATS
Aug-14 11:53:01.515 [main] DEBUG nextflow.processor.TaskProcessor - Starting process > NFCORE_SAREK:SAREK:FASTQ_PREPROCESS_GATK:BAM_MARKDUPLICATES:CRAM_QC_MOSDEPTH_SAMTOOLS:MOSDEPTH
Aug-14 11:53:01.515 [main] DEBUG nextflow.processor.TaskProcessor - Starting process > NFCORE_SAREK:SAREK:FASTQ_PREPROCESS_GATK:BAM_BASERECALIBRATOR:GATK4_BASERECALIBRATOR
Aug-14 11:53:01.515 [main] DEBUG nextflow.processor.TaskProcessor - Starting process > NFCORE_SAREK:SAREK:FASTQ_PREPROCESS_GATK:BAM_BASERECALIBRATOR:GATK4_GATHERBQSRREPORTS
Aug-14 11:53:01.515 [main] DEBUG nextflow.processor.TaskProcessor - Starting process > NFCORE_SAREK:SAREK:FASTQ_PREPROCESS_GATK:BAM_APPLYBQSR:GATK4_APPLYBQSR
Aug-14 11:53:01.515 [main] DEBUG nextflow.processor.TaskProcessor - Starting process > NFCORE_SAREK:SAREK:FASTQ_PREPROCESS_GATK:BAM_APPLYBQSR:BAM_MERGE_INDEX_SAMTOOLS:MERGE_BAM
Aug-14 11:53:01.515 [main] DEBUG nextflow.processor.TaskProcessor - Starting process > NFCORE_SAREK:SAREK:FASTQ_PREPROCESS_GATK:BAM_APPLYBQSR:BAM_MERGE_INDEX_SAMTOOLS:INDEX_MERGE_BAM
Aug-14 11:53:01.515 [main] DEBUG nextflow.processor.TaskProcessor - Starting process > NFCORE_SAREK:SAREK:FASTQ_PREPROCESS_GATK:BAM_APPLYBQSR:CRAM_MERGE_INDEX_SAMTOOLS:MERGE_CRAM
Aug-14 11:53:01.515 [main] DEBUG nextflow.processor.TaskProcessor - Starting process > NFCORE_SAREK:SAREK:FASTQ_PREPROCESS_GATK:BAM_APPLYBQSR:CRAM_MERGE_INDEX_SAMTOOLS:INDEX_CRAM
Aug-14 11:53:01.515 [main] DEBUG nextflow.processor.TaskProcessor - Starting process > NFCORE_SAREK:SAREK:CRAM_SAMPLEQC:CRAM_QC_RECAL:SAMTOOLS_STATS
Aug-14 11:53:01.515 [main] DEBUG nextflow.processor.TaskProcessor - Starting process > NFCORE_SAREK:SAREK:CRAM_SAMPLEQC:CRAM_QC_RECAL:MOSDEPTH
Aug-14 11:53:01.515 [main] DEBUG nextflow.processor.TaskProcessor - Starting process > NFCORE_SAREK:SAREK:CRAM_SAMPLEQC:BAM_NGSCHECKMATE:BCFTOOLS_MPILEUP
Aug-14 11:53:01.515 [main] DEBUG nextflow.processor.TaskProcessor - Starting process > NFCORE_SAREK:SAREK:CRAM_SAMPLEQC:BAM_NGSCHECKMATE:NGSCHECKMATE_NCM
Aug-14 11:53:01.516 [main] DEBUG nextflow.processor.TaskProcessor - Starting process > NFCORE_SAREK:SAREK:BAM_VARIANT_CALLING_GERMLINE_ALL:BAM_VARIANT_CALLING_SINGLE_STRELKA:STRELKA_SINGLE
Aug-14 11:53:01.624 [main] DEBUG nextflow.processor.TaskProcessor - Starting process > NFCORE_SAREK:SAREK:BAM_VARIANT_CALLING_GERMLINE_ALL:BAM_VARIANT_CALLING_SINGLE_STRELKA:MERGE_STRELKA
Aug-14 11:53:01.624 [main] DEBUG nextflow.processor.TaskProcessor - Starting process > NFCORE_SAREK:SAREK:BAM_VARIANT_CALLING_GERMLINE_ALL:BAM_VARIANT_CALLING_SINGLE_STRELKA:MERGE_STRELKA_GENOME
Aug-14 11:53:01.624 [main] DEBUG nextflow.processor.TaskProcessor - Starting process > NFCORE_SAREK:SAREK:BAM_VARIANT_CALLING_SOMATIC_ALL:BAM_VARIANT_CALLING_SOMATIC_STRELKA:STRELKA_SOMATIC
Aug-14 11:53:01.624 [main] DEBUG nextflow.processor.TaskProcessor - Starting process > NFCORE_SAREK:SAREK:BAM_VARIANT_CALLING_SOMATIC_ALL:BAM_VARIANT_CALLING_SOMATIC_STRELKA:MERGE_STRELKA_INDELS
Aug-14 11:53:01.624 [main] DEBUG nextflow.processor.TaskProcessor - Starting process > NFCORE_SAREK:SAREK:BAM_VARIANT_CALLING_SOMATIC_ALL:BAM_VARIANT_CALLING_SOMATIC_STRELKA:MERGE_STRELKA_SNVS
Aug-14 11:53:01.624 [main] DEBUG nextflow.processor.TaskProcessor - Starting process > NFCORE_SAREK:SAREK:VCF_QC_BCFTOOLS_VCFTOOLS:BCFTOOLS_STATS
Aug-14 11:53:01.624 [main] DEBUG nextflow.processor.TaskProcessor - Starting process > NFCORE_SAREK:SAREK:VCF_QC_BCFTOOLS_VCFTOOLS:VCFTOOLS_TSTV_COUNT
Aug-14 11:53:01.624 [main] DEBUG nextflow.processor.TaskProcessor - Starting process > NFCORE_SAREK:SAREK:VCF_QC_BCFTOOLS_VCFTOOLS:VCFTOOLS_TSTV_QUAL
Aug-14 11:53:01.624 [main] DEBUG nextflow.processor.TaskProcessor - Starting process > NFCORE_SAREK:SAREK:VCF_QC_BCFTOOLS_VCFTOOLS:VCFTOOLS_SUMMARY
Aug-14 11:53:01.624 [main] DEBUG nextflow.processor.TaskProcessor - Starting process > NFCORE_SAREK:SAREK:MULTIQC
Aug-14 11:53:01.628 [main] DEBUG nextflow.script.ScriptRunner - Parsed script files:
  _nf_script_a8cb84adf50282ab: /Users/stav/.nextflow/assets/.repos/nf-core/sarek/clones/b97952e5bac68d5deb93d4a3349a45f146be9830/modules/nf-core/bcftools/annotate/main.nf
  _nf_script_cc0d84e777bc911e: /Users/stav/.nextflow/assets/.repos/nf-core/sarek/clones/b97952e5bac68d5deb93d4a3349a45f146be9830/modules/nf-core/lofreq/callparallel/main.nf
  _nf_script_55828f467a6031b1: /Users/stav/.nextflow/assets/.repos/nf-core/sarek/clones/b97952e5bac68d5deb93d4a3349a45f146be9830/modules/nf-core/cnvkit/batch/main.nf
  _nf_script_a39a8f082213978e: /Users/stav/.nextflow/assets/.repos/nf-core/sarek/clones/b97952e5bac68d5deb93d4a3349a45f146be9830/modules/nf-core/sentieon/bwamem/main.nf
  _nf_script_3443e6090d275f64: /Users/stav/.nextflow/assets/.repos/nf-core/sarek/clones/b97952e5bac68d5deb93d4a3349a45f146be9830/subworkflows/local/bam_variant_calling_somatic_strelka/main.nf
  _nf_script_42b8dcdafc3a5ca4: /Users/stav/.nextflow/assets/.repos/nf-core/sarek/clones/b97952e5bac68d5deb93d4a3349a45f146be9830/modules/nf-core/varlociraptor/preprocess/main.nf
  _nf_script_85c290faadcf01b5: /Users/stav/.nextflow/assets/.repos/nf-core/sarek/clones/b97952e5bac68d5deb93d4a3349a45f146be9830/subworkflows/local/fastq_preprocess_parabricks/main.nf
  _nf_script_5a29e3ed99368ab2: /Users/stav/.nextflow/assets/.repos/nf-core/sarek/clones/b97952e5bac68d5deb93d4a3349a45f146be9830/modules/nf-core/gatk4/estimatelibrarycomplexity/main.nf
  _nf_script_0c076e3f365148aa: /Users/stav/.nextflow/assets/.repos/nf-core/sarek/clones/b97952e5bac68d5deb93d4a3349a45f146be9830/subworkflows/nf-core/bam_ngscheckmate/main.nf
  _nf_script_f164d3b3312aaefb: /Users/stav/.nextflow/assets/.repos/nf-core/sarek/clones/b97952e5bac68d5deb93d4a3349a45f146be9830/modules/nf-core/gatk4/calculatecontamination/main.nf
  _nf_script_20175d738aa13587: /Users/stav/.nextflow/assets/.repos/nf-core/sarek/clones/b97952e5bac68d5deb93d4a3349a45f146be9830/subworkflows/local/fastq_align/main.nf
  _nf_script_328365fbbef65615: /Users/stav/.nextflow/assets/.repos/nf-core/sarek/clones/b97952e5bac68d5deb93d4a3349a45f146be9830/modules/nf-core/snpsift/annmem/main.nf
  _nf_script_5f4ea17dc25fa918: /Users/stav/.nextflow/assets/.repos/nf-core/sarek/clones/b97952e5bac68d5deb93d4a3349a45f146be9830/modules/nf-core/goleft/indexcov/main.nf
  _nf_script_6681dba8786a35f0: /Users/stav/.nextflow/assets/.repos/nf-core/sarek/clones/b97952e5bac68d5deb93d4a3349a45f146be9830/modules/nf-core/cnvkit/export/main.nf
  _nf_script_8bc2dde8a7c8126b: /Users/stav/.nextflow/assets/.repos/nf-core/sarek/clones/b97952e5bac68d5deb93d4a3349a45f146be9830/modules/nf-core/freebayes/main.nf
  _nf_script_a288c284cfbcf147: /Users/stav/.nextflow/assets/.repos/nf-core/sarek/clones/b97952e5bac68d5deb93d4a3349a45f146be9830/subworkflows/local/bam_variant_calling_tumor_only_mutect2/main.nf
  _nf_script_04e8b4f6f928cf7d: /Users/stav/.nextflow/assets/.repos/nf-core/sarek/clones/b97952e5bac68d5deb93d4a3349a45f146be9830/modules/nf-core/gatk4/getpileupsummaries/main.nf
  _nf_script_b93f3c684e27e3a3: /Users/stav/.nextflow/assets/.repos/nf-core/sarek/clones/b97952e5bac68d5deb93d4a3349a45f146be9830/modules/nf-core/spring/decompress/main.nf
  _nf_script_29057fa226d07981: /Users/stav/.nextflow/assets/.repos/nf-core/sarek/clones/b97952e5bac68d5deb93d4a3349a45f146be9830/modules/nf-core/gatk4/gatherbqsrreports/main.nf
  _nf_script_83bea2fd9b1bf1b2: /Users/stav/.nextflow/assets/.repos/nf-core/sarek/clones/b97952e5bac68d5deb93d4a3349a45f146be9830/subworkflows/local/vcf_varlociraptor_single/main.nf
  _nf_script_ed50ded049d334b0: /Users/stav/.nextflow/assets/.repos/nf-core/sarek/clones/b97952e5bac68d5deb93d4a3349a45f146be9830/modules/nf-core/controlfreec/freec2bed/main.nf
  _nf_script_31296afd2ae1c288: /Users/stav/.nextflow/assets/.repos/nf-core/sarek/clones/b97952e5bac68d5deb93d4a3349a45f146be9830/modules/nf-core/controlfreec/freec2circos/main.nf
  _nf_script_dd0f0c62fd70c78e: /Users/stav/.nextflow/assets/.repos/nf-core/sarek/clones/b97952e5bac68d5deb93d4a3349a45f146be9830/modules/nf-core/svdb/merge/main.nf
  _nf_script_e74c15c016b931d6: /Users/stav/.nextflow/assets/.repos/nf-core/sarek/clones/b97952e5bac68d5deb93d4a3349a45f146be9830/modules/nf-core/fastqc/main.nf
  _nf_script_91294c5246550398: /Users/stav/.nextflow/assets/.repos/nf-core/sarek/clones/b97952e5bac68d5deb93d4a3349a45f146be9830/modules/nf-core/snpeff/snpeff/main.nf
  _nf_script_f77e71354ca13f89: /Users/stav/.nextflow/assets/.repos/nf-core/sarek/clones/b97952e5bac68d5deb93d4a3349a45f146be9830/modules/nf-core/samtools/faidx/main.nf
  _nf_script_3bf6f29e8b974492: /Users/stav/.nextflow/assets/.repos/nf-core/sarek/clones/b97952e5bac68d5deb93d4a3349a45f146be9830/subworkflows/nf-core/utils_nfcore_pipeline/main.nf
  _nf_script_deb2281feb9bc7d0: /Users/stav/.nextflow/assets/.repos/nf-core/sarek/clones/b97952e5bac68d5deb93d4a3349a45f146be9830/modules/nf-core/gatk4/mergevcfs/main.nf
  _nf_script_298abcd57f41c22a: /Users/stav/.nextflow/assets/.repos/nf-core/sarek/clones/b97952e5bac68d5deb93d4a3349a45f146be9830/subworkflows/local/bam_baserecalibrator_spark/main.nf
  _nf_script_8e181d77e2ff0933: /Users/stav/.nextflow/assets/.repos/nf-core/sarek/clones/b97952e5bac68d5deb93d4a3349a45f146be9830/modules/nf-core/dragmap/hashtable/main.nf
  _nf_script_d9f8270e3eccc690: /Users/stav/.nextflow/assets/.repos/nf-core/sarek/clones/b97952e5bac68d5deb93d4a3349a45f146be9830/subworkflows/local/bam_merge_index_samtools/main.nf
  _nf_script_2f1938bbabb1a21d: /Users/stav/.nextflow/assets/.repos/nf-core/sarek/clones/b97952e5bac68d5deb93d4a3349a45f146be9830/subworkflows/local/post_variantcalling/main.nf
  _nf_script_163e7c6284f73e3a: /Users/stav/.nextflow/assets/.repos/nf-core/sarek/clones/b97952e5bac68d5deb93d4a3349a45f146be9830/modules/nf-core/gatk4spark/applybqsr/main.nf
  _nf_script_abca1d1ec90cd184: /Users/stav/.nextflow/assets/.repos/nf-core/sarek/clones/b97952e5bac68d5deb93d4a3349a45f146be9830/subworkflows/local/bam_variant_calling_somatic_all/main.nf
  _nf_script_70f59946aed15f0c: /Users/stav/.nextflow/assets/.repos/nf-core/sarek/clones/b97952e5bac68d5deb93d4a3349a45f146be9830/modules/nf-core/vcftools/main.nf
  _nf_script_740951545ba9b2c3: /Users/stav/.nextflow/assets/.repos/nf-core/sarek/clones/b97952e5bac68d5deb93d4a3349a45f146be9830/modules/nf-core/samtools/view/main.nf
  _nf_script_82df7769437233f7: /Users/stav/.nextflow/assets/.repos/nf-core/sarek/clones/b97952e5bac68d5deb93d4a3349a45f146be9830/subworkflows/local/bam_variant_calling_tumor_only_all/main.nf
  _nf_script_a440bc6a282d9e4a: /Users/stav/.nextflow/assets/.repos/nf-core/sarek/clones/b97952e5bac68d5deb93d4a3349a45f146be9830/modules/nf-core/fgbio/groupreadsbyumi/main.nf
  _nf_script_0c79a26fb9237fd8: /Users/stav/.nextflow/assets/.repos/nf-core/sarek/clones/b97952e5bac68d5deb93d4a3349a45f146be9830/modules/nf-core/muse/sump/main.nf
  _nf_script_436b2800bc1434ba: /Users/stav/.nextflow/assets/.repos/nf-core/sarek/clones/b97952e5bac68d5deb93d4a3349a45f146be9830/subworkflows/nf-core/utils_nfschema_plugin/main.nf
  _nf_script_af01a9239f8c9734: /Users/stav/.nextflow/assets/.repos/nf-core/sarek/clones/b97952e5bac68d5deb93d4a3349a45f146be9830/modules/local/consensus_from_sites/main.nf
  _nf_script_faf202c41aec98bb: /Users/stav/.nextflow/assets/.repos/nf-core/sarek/clones/b97952e5bac68d5deb93d4a3349a45f146be9830/subworkflows/local/utils_nfcore_sarek_pipeline/main.nf
  _nf_script_f4041e1f83f7ef0e: /Users/stav/.nextflow/assets/.repos/nf-core/sarek/clones/b97952e5bac68d5deb93d4a3349a45f146be9830/modules/nf-core/cnvkit/genemetrics/main.nf
  _nf_script_494f51b61c8af88f: /Users/stav/.nextflow/assets/.repos/nf-core/sarek/clones/b97952e5bac68d5deb93d4a3349a45f146be9830/modules/nf-core/gawk/main.nf
  _nf_script_dc87b7a8d4911674: /Users/stav/.nextflow/assets/.repos/nf-core/sarek/clones/b97952e5bac68d5deb93d4a3349a45f146be9830/modules/nf-core/varlociraptor/callvariants/main.nf
  _nf_script_2684b0dd5cff770b: /Users/stav/.nextflow/assets/.repos/nf-core/sarek/clones/b97952e5bac68d5deb93d4a3349a45f146be9830/modules/nf-core/mosdepth/main.nf
  _nf_script_f4a53709b3258985: /Users/stav/.nextflow/assets/.repos/nf-core/sarek/clones/b97952e5bac68d5deb93d4a3349a45f146be9830/modules/nf-core/bcftools/view/main.nf
  _nf_script_72f4ffdc6a0fb26f: /Users/stav/.nextflow/assets/.repos/nf-core/sarek/clones/b97952e5bac68d5deb93d4a3349a45f146be9830/modules/nf-core/samtools/mpileup/main.nf
  _nf_script_c7d4d4d634f7e97a: /Users/stav/.nextflow/assets/.repos/nf-core/sarek/clones/b97952e5bac68d5deb93d4a3349a45f146be9830/modules/nf-core/gatk4/cnnscorevariants/main.nf
  _nf_script_566c8931339bf3b7: /Users/stav/.nextflow/assets/.repos/nf-core/sarek/clones/b97952e5bac68d5deb93d4a3349a45f146be9830/modules/nf-core/gatk4/applyvqsr/main.nf
  _nf_script_ef258b718950b66a: /Users/stav/.nextflow/assets/.repos/nf-core/sarek/clones/b97952e5bac68d5deb93d4a3349a45f146be9830/modules/nf-core/bwa/mem/main.nf
  _nf_script_1aae02d092677492: /Users/stav/.nextflow/assets/.repos/nf-core/sarek/clones/b97952e5bac68d5deb93d4a3349a45f146be9830/modules/local/create_intervals_bed/main.nf
  _nf_script_160e4f743772a945: /Users/stav/.nextflow/assets/.repos/nf-core/sarek/clones/b97952e5bac68d5deb93d4a3349a45f146be9830/subworkflows/local/bam_baserecalibrator/main.nf
  _nf_script_e8bb480548626e26: /Users/stav/.nextflow/assets/.repos/nf-core/sarek/clones/b97952e5bac68d5deb93d4a3349a45f146be9830/subworkflows/local/bam_variant_calling_tumor_only_controlfreec/main.nf
  _nf_script_9149e1bd3c763db1: /Users/stav/.nextflow/assets/.repos/nf-core/sarek/clones/b97952e5bac68d5deb93d4a3349a45f146be9830/subworkflows/local/bam_variant_calling_tumor_only_manta/main.nf
  _nf_script_7763a479a9b88587: /Users/stav/.nextflow/assets/.repos/nf-core/sarek/clones/b97952e5bac68d5deb93d4a3349a45f146be9830/modules/nf-core/bwamem2/mem/main.nf
  _nf_script_8eaeab77c4b8b89a: /Users/stav/.nextflow/assets/.repos/nf-core/sarek/clones/b97952e5bac68d5deb93d4a3349a45f146be9830/modules/nf-core/fastp/main.nf
  _nf_script_d807c5181d7e002d: /Users/stav/.nextflow/assets/.repos/nf-core/sarek/clones/b97952e5bac68d5deb93d4a3349a45f146be9830/modules/nf-core/gatk4/genotypegvcfs/main.nf
  _nf_script_189155da0d34da75: /Users/stav/.nextflow/assets/.repos/nf-core/sarek/clones/b97952e5bac68d5deb93d4a3349a45f146be9830/subworkflows/local/prepare_genome/main.nf
  _nf_script_99801fd3a1eed58d: /Users/stav/.nextflow/assets/.repos/nf-core/sarek/clones/b97952e5bac68d5deb93d4a3349a45f146be9830/subworkflows/local/vcf_qc_bcftools_vcftools/main.nf
  _nf_script_eacba9bb63438449: /Users/stav/.nextflow/assets/.repos/nf-core/sarek/clones/b97952e5bac68d5deb93d4a3349a45f146be9830/modules/nf-core/sentieon/dnamodelapply/main.nf
  _nf_script_9ef071a062d01913: /Users/stav/.nextflow/assets/.repos/nf-core/sarek/clones/b97952e5bac68d5deb93d4a3349a45f146be9830/subworkflows/local/vcf_concatenate_germline/main.nf
  _nf_script_0861872a634e8a92: /Users/stav/.nextflow/assets/.repos/nf-core/sarek/clones/b97952e5bac68d5deb93d4a3349a45f146be9830/modules/nf-core/tiddit/sv/main.nf
  _nf_script_80faa29e770aef1d: /Users/stav/.nextflow/assets/.repos/nf-core/sarek/clones/b97952e5bac68d5deb93d4a3349a45f146be9830/modules/nf-core/dragmap/align/main.nf
  _nf_script_def1e6b952a8582e: /Users/stav/.nextflow/assets/.repos/nf-core/sarek/clones/b97952e5bac68d5deb93d4a3349a45f146be9830/modules/nf-core/cnvkit/antitarget/main.nf
  _nf_script_a024c5530120fa6e: /Users/stav/.nextflow/assets/.repos/nf-core/sarek/clones/b97952e5bac68d5deb93d4a3349a45f146be9830/modules/nf-core/gatk4/filtervarianttranches/main.nf
  _nf_script_db0b626bf1c8a80e: /Users/stav/.nextflow/assets/.repos/nf-core/sarek/clones/b97952e5bac68d5deb93d4a3349a45f146be9830/subworkflows/local/bam_variant_calling_sentieon_haplotyper/main.nf
  _nf_script_4eccdf2a16dd11f7: /Users/stav/.nextflow/assets/.repos/nf-core/sarek/clones/b97952e5bac68d5deb93d4a3349a45f146be9830/workflows/sarek/main.nf
  _nf_script_6b10945a57c45049: /Users/stav/.nextflow/assets/.repos/nf-core/sarek/clones/b97952e5bac68d5deb93d4a3349a45f146be9830/modules/nf-core/bwamem2/index/main.nf
  _nf_script_95dc226920a5cd8a: /Users/stav/.nextflow/assets/.repos/nf-core/sarek/clones/b97952e5bac68d5deb93d4a3349a45f146be9830/modules/nf-core/varlociraptor/estimatealignmentproperties/main.nf
  _nf_script_b28820a190968053: /Users/stav/.nextflow/assets/.repos/nf-core/sarek/clones/b97952e5bac68d5deb93d4a3349a45f146be9830/subworkflows/local/fastq_create_umi_consensus_fgbio/main.nf
  _nf_script_6b26c6baf3eea3ee: /Users/stav/.nextflow/assets/.repos/nf-core/sarek/clones/b97952e5bac68d5deb93d4a3349a45f146be9830/modules/nf-core/gatk4/filtermutectcalls/main.nf
  _nf_script_f660cfb8739ada8f: /Users/stav/.nextflow/assets/.repos/nf-core/sarek/clones/b97952e5bac68d5deb93d4a3349a45f146be9830/modules/nf-core/sentieon/dnascope/main.nf
  _nf_script_4d61c30c6b293224: /Users/stav/.nextflow/assets/.repos/nf-core/sarek/clones/b97952e5bac68d5deb93d4a3349a45f146be9830/modules/nf-core/ngscheckmate/ncm/main.nf
  _nf_script_41c2335f5bbd3cbb: /Users/stav/.nextflow/assets/.repos/nf-core/sarek/clones/b97952e5bac68d5deb93d4a3349a45f146be9830/subworkflows/local/bam_variant_calling_mpileup/main.nf
  _nf_script_fb21c943bcb745a3: /Users/stav/.nextflow/assets/.repos/nf-core/sarek/clones/b97952e5bac68d5deb93d4a3349a45f146be9830/subworkflows/local/bam_variant_calling_freebayes/main.nf
  _nf_script_85bb3280671bd50d: /Users/stav/.nextflow/assets/.repos/nf-core/sarek/clones/b97952e5bac68d5deb93d4a3349a45f146be9830/modules/nf-core/controlfreec/makegraph2/main.nf
  _nf_script_0adacc89b4b0a740: /Users/stav/.nextflow/assets/.repos/nf-core/sarek/clones/b97952e5bac68d5deb93d4a3349a45f146be9830/modules/nf-core/sentieon/tnscope/main.nf
  _nf_script_07dd42a103c358df: /Users/stav/.nextflow/assets/.repos/nf-core/sarek/clones/b97952e5bac68d5deb93d4a3349a45f146be9830/subworkflows/local/vcf_normalization/main.nf
  _nf_script_ec5cfe566e0f9c45: /Users/stav/.nextflow/assets/.repos/nf-core/sarek/clones/b97952e5bac68d5deb93d4a3349a45f146be9830/modules/nf-core/bcftools/norm/main.nf
  _nf_script_a1b49a952d6b8366: /Users/stav/.nextflow/assets/.repos/nf-core/sarek/clones/b97952e5bac68d5deb93d4a3349a45f146be9830/subworkflows/nf-core/utils_annotation_cache/main.nf
  _nf_script_4a043d691b22e5bc: /Users/stav/.nextflow/assets/.repos/nf-core/sarek/clones/b97952e5bac68d5deb93d4a3349a45f146be9830/modules/nf-core/strelka/germline/main.nf
  _nf_script_47d4393016368b03: /Users/stav/.nextflow/assets/.repos/nf-core/sarek/clones/b97952e5bac68d5deb93d4a3349a45f146be9830/subworkflows/local/bam_variant_calling_somatic_muse/main.nf
  _nf_script_bcdac345d5f35f10: /Users/stav/.nextflow/assets/.repos/nf-core/sarek/clones/b97952e5bac68d5deb93d4a3349a45f146be9830/subworkflows/local/channel_align_create_csv/main.nf
  _nf_script_032dca4b9ace9e77: /Users/stav/.nextflow/assets/.repos/nf-core/sarek/clones/b97952e5bac68d5deb93d4a3349a45f146be9830/modules/nf-core/ascat/main.nf
  _nf_script_833403acc54014a7: /Users/stav/.nextflow/assets/.repos/nf-core/sarek/clones/b97952e5bac68d5deb93d4a3349a45f146be9830/modules/nf-core/tabix/tabix/main.nf
  _nf_script_1942f13ad1df8211: /Users/stav/.nextflow/assets/.repos/nf-core/sarek/clones/b97952e5bac68d5deb93d4a3349a45f146be9830/modules/nf-core/msisensorpro/msisomatic/main.nf
  _nf_script_b36ad42489839d4d: /Users/stav/.nextflow/assets/.repos/nf-core/sarek/clones/b97952e5bac68d5deb93d4a3349a45f146be9830/modules/nf-core/cat/fastq/main.nf
  _nf_script_3ee909d3bedb0961: /Users/stav/.nextflow/assets/.repos/nf-core/sarek/clones/b97952e5bac68d5deb93d4a3349a45f146be9830/modules/nf-core/bcftools/stats/main.nf
  _nf_script_9dc63a31f57b3a0f: /Users/stav/.nextflow/assets/.repos/nf-core/sarek/clones/b97952e5bac68d5deb93d4a3349a45f146be9830/modules/nf-core/snpeff/download/main.nf
  _nf_script_84b6d49a54e5d5b9: /Users/stav/.nextflow/assets/.repos/nf-core/sarek/clones/b97952e5bac68d5deb93d4a3349a45f146be9830/subworkflows/local/channel_variant_calling_create_csv/main.nf
  _nf_script_c6cf4afa12edcaf0: /Users/stav/.nextflow/assets/.repos/nf-core/sarek/clones/b97952e5bac68d5deb93d4a3349a45f146be9830/subworkflows/nf-core/vcf_annotate_snpeff/main.nf
  _nf_script_d6464fbe41315f01: /Users/stav/.nextflow/assets/.repos/nf-core/sarek/clones/b97952e5bac68d5deb93d4a3349a45f146be9830/modules/nf-core/vcflib/vcffilter/main.nf
  _nf_script_9919c753eb6b3db2: /Users/stav/.nextflow/assets/.repos/nf-core/sarek/clones/b97952e5bac68d5deb93d4a3349a45f146be9830/modules/nf-core/samtools/collatefastq/main.nf
  _nf_script_b60f02b2e1100a91: /Users/stav/.nextflow/assets/.repos/nf-core/sarek/clones/b97952e5bac68d5deb93d4a3349a45f146be9830/subworkflows/local/bam_variant_calling_somatic_mutect2/main.nf
  _nf_script_895e8501ca8906c1: /Users/stav/.nextflow/assets/.repos/nf-core/sarek/clones/b97952e5bac68d5deb93d4a3349a45f146be9830/modules/nf-core/gatk4/markduplicates/main.nf
  _nf_script_d6ee9d642774599e: /Users/stav/.nextflow/assets/.repos/nf-core/sarek/clones/b97952e5bac68d5deb93d4a3349a45f146be9830/modules/nf-core/tabix/bgziptabix/main.nf
  _nf_script_55670af53baacf03: /Users/stav/.nextflow/assets/.repos/nf-core/sarek/clones/b97952e5bac68d5deb93d4a3349a45f146be9830/modules/nf-core/untar/main.nf
  _nf_script_2dc80e8ad00045c9: /Users/stav/.nextflow/assets/.repos/nf-core/sarek/clones/b97952e5bac68d5deb93d4a3349a45f146be9830/modules/nf-core/samtools/convert/main.nf
  _nf_script_f2a3c4ad9b94c70e: /Users/stav/.nextflow/assets/.repos/nf-core/sarek/clones/b97952e5bac68d5deb93d4a3349a45f146be9830/modules/nf-core/gatk4/createsequencedictionary/main.nf
  _nf_script_41fcb0d179c2f5a1: /Users/stav/.nextflow/assets/.repos/nf-core/sarek/clones/b97952e5bac68d5deb93d4a3349a45f146be9830/modules/nf-core/gatk4/gatherpileupsummaries/main.nf
  _nf_script_cbf91f4cdfae7dbb: /Users/stav/.nextflow/assets/.repos/nf-core/sarek/clones/b97952e5bac68d5deb93d4a3349a45f146be9830/modules/nf-core/bcftools/mpileup/main.nf
  _nf_script_bc4c35aee9230a72: /Users/stav/.nextflow/assets/.repos/nf-core/sarek/clones/b97952e5bac68d5deb93d4a3349a45f146be9830/modules/nf-core/gatk4spark/markduplicates/main.nf
  _nf_script_61d80fde5a7b458a: /Users/stav/.nextflow/assets/.repos/nf-core/sarek/clones/b97952e5bac68d5deb93d4a3349a45f146be9830/modules/nf-core/manta/tumoronly/main.nf
  _nf_script_8c60f5fd5e915a9a: /Users/stav/.nextflow/assets/.repos/nf-core/sarek/clones/b97952e5bac68d5deb93d4a3349a45f146be9830/subworkflows/local/vcf_varlociraptor_somatic/main.nf
  _nf_script_5afcd97f38fe5b48: /Users/stav/.nextflow/assets/.repos/nf-core/sarek/clones/b97952e5bac68d5deb93d4a3349a45f146be9830/modules/nf-core/deepvariant/rundeepvariant/main.nf
  _nf_script_9dff93039921a185: /Users/stav/.nextflow/assets/.repos/nf-core/sarek/clones/b97952e5bac68d5deb93d4a3349a45f146be9830/subworkflows/local/bam_variant_calling_haplotypecaller/main.nf
  _nf_script_85dc6f4efa2419a3: /Users/stav/.nextflow/assets/.repos/nf-core/sarek/clones/b97952e5bac68d5deb93d4a3349a45f146be9830/subworkflows/local/prepare_reference_cnvkit/main.nf
  _nf_script_4186ac08efc35aa2: /Users/stav/.nextflow/assets/.repos/nf-core/sarek/clones/b97952e5bac68d5deb93d4a3349a45f146be9830/subworkflows/local/bam_joint_calling_germline_gatk/main.nf
  _nf_script_de1ad0040431d69a: /Users/stav/.nextflow/assets/.repos/nf-core/sarek/clones/b97952e5bac68d5deb93d4a3349a45f146be9830/modules/nf-core/gatk4/haplotypecaller/main.nf
  _nf_script_49187dd3d885dcef: /Users/stav/.nextflow/assets/.repos/nf-core/sarek/clones/b97952e5bac68d5deb93d4a3349a45f146be9830/subworkflows/local/bam_variant_calling_somatic_tiddit/main.nf
  _nf_script_806891b41f57d14c: /Users/stav/.nextflow/assets/.repos/nf-core/sarek/clones/b97952e5bac68d5deb93d4a3349a45f146be9830/modules/nf-core/snpsift/annmemcreate/main.nf
  _nf_script_9248004d2675b734: /Users/stav/.nextflow/assets/.repos/nf-core/sarek/clones/b97952e5bac68d5deb93d4a3349a45f146be9830/subworkflows/local/prepare_intervals/main.nf
  _nf_script_cb0307e27f9aa2a3: /Users/stav/.nextflow/assets/.repos/nf-core/sarek/clones/b97952e5bac68d5deb93d4a3349a45f146be9830/subworkflows/local/bam_variant_calling_tumor_only_tnscope/main.nf
  _nf_script_c84c314c6b1c7fa7: /Users/stav/.nextflow/assets/.repos/nf-core/sarek/clones/b97952e5bac68d5deb93d4a3349a45f146be9830/subworkflows/local/bam_variant_calling_somatic_controlfreec/main.nf
  _nf_script_1a480ca471952bc6: /Users/stav/.nextflow/assets/.repos/nf-core/sarek/clones/b97952e5bac68d5deb93d4a3349a45f146be9830/modules/nf-core/multiqc/main.nf
  _nf_script_8567cebe49dd0302: /Users/stav/.nextflow/assets/.repos/nf-core/sarek/clones/b97952e5bac68d5deb93d4a3349a45f146be9830/subworkflows/local/bam_variant_calling_single_strelka/main.nf
  _nf_script_19bcba6752a26634: /Users/stav/.nextflow/assets/.repos/nf-core/sarek/clones/b97952e5bac68d5deb93d4a3349a45f146be9830/subworkflows/local/bam_variant_calling_somatic_ascat/main.nf
  _nf_script_19031d53a52dce99: /Users/stav/.nextflow/assets/.repos/nf-core/sarek/clones/b97952e5bac68d5deb93d4a3349a45f146be9830/modules/nf-core/bcftools/sort/main.nf
  _nf_script_6564e36d0dfc89f2: /Users/stav/.nextflow/assets/.repos/nf-core/sarek/clones/b97952e5bac68d5deb93d4a3349a45f146be9830/subworkflows/local/vcf_consensus/main.nf
  _nf_script_e0102a16e5cdd935: /Users/stav/.nextflow/assets/.repos/nf-core/sarek/clones/b97952e5bac68d5deb93d4a3349a45f146be9830/modules/nf-core/sentieon/dedup/main.nf
  _nf_script_e334ee9c63097dcd: /Users/stav/.nextflow/assets/.repos/nf-core/sarek/clones/b97952e5bac68d5deb93d4a3349a45f146be9830/subworkflows/local/bam_applybqsr_spark/main.nf
  _nf_script_4dcd4dfa7ac604cf: /Users/stav/.nextflow/assets/.repos/nf-core/sarek/clones/b97952e5bac68d5deb93d4a3349a45f146be9830/subworkflows/local/bam_variant_calling_sentieon_dnascope/main.nf
  _nf_script_4b53cff970df8673: /Users/stav/.nextflow/assets/.repos/nf-core/sarek/clones/b97952e5bac68d5deb93d4a3349a45f146be9830/modules/nf-core/parabricks/fq2bam/main.nf
  _nf_script_24e9cd8461617144: /Users/stav/.nextflow/assets/.repos/nf-core/sarek/clones/b97952e5bac68d5deb93d4a3349a45f146be9830/modules/nf-core/msisensorpro/scan/main.nf
  _nf_script_59e7ccc975220c4d: /Users/stav/.nextflow/assets/.repos/nf-core/sarek/clones/b97952e5bac68d5deb93d4a3349a45f146be9830/modules/nf-core/controlfreec/assesssignificance/main.nf
  _nf_script_0df90937052c1775: /Users/stav/.nextflow/assets/.repos/nf-core/sarek/clones/b97952e5bac68d5deb93d4a3349a45f146be9830/subworkflows/local/bam_applybqsr/main.nf
  _nf_script_b4b53c68ed6342d1: /Users/stav/.nextflow/assets/.repos/nf-core/sarek/clones/b97952e5bac68d5deb93d4a3349a45f146be9830/subworkflows/local/vcf_variant_filtering_gatk/main.nf
  _nf_script_7a5813b172992437: /Users/stav/.nextflow/assets/.repos/nf-core/sarek/clones/b97952e5bac68d5deb93d4a3349a45f146be9830/modules/nf-core/sentieon/gvcftyper/main.nf
  _nf_script_26117a9531674f66: /Users/stav/.nextflow/assets/.repos/nf-core/sarek/clones/b97952e5bac68d5deb93d4a3349a45f146be9830/subworkflows/local/bam_variant_calling_germline_all/main.nf
  _nf_script_3ccf2b9a8a13e019: /Users/stav/.nextflow/assets/.repos/nf-core/sarek/clones/b97952e5bac68d5deb93d4a3349a45f146be9830/subworkflows/local/bam_joint_calling_germline_sentieon/main.nf
  _nf_script_c5e11581dc228780: /Users/stav/.nextflow/assets/.repos/nf-core/sarek/clones/b97952e5bac68d5deb93d4a3349a45f146be9830/modules/nf-core/cat/cat/main.nf
  _nf_script_727251fef50206e4: /Users/stav/.nextflow/assets/.repos/nf-core/sarek/clones/b97952e5bac68d5deb93d4a3349a45f146be9830/modules/nf-core/gatk4/genomicsdbimport/main.nf
  _nf_script_2113fcf4bd3a5976: /Users/stav/.nextflow/assets/.repos/nf-core/sarek/clones/b97952e5bac68d5deb93d4a3349a45f146be9830/modules/nf-core/bcftools/isec/main.nf
  _nf_script_a620bce03e5b06a0: /Users/stav/.nextflow/assets/.repos/nf-core/sarek/clones/b97952e5bac68d5deb93d4a3349a45f146be9830/subworkflows/local/bam_variant_calling_cnvkit/main.nf
  _nf_script_d9789509c6c93a5e: /Users/stav/.nextflow/assets/.repos/nf-core/sarek/clones/b97952e5bac68d5deb93d4a3349a45f146be9830/modules/nf-core/samtools/bam2fq/main.nf
  _nf_script_751e94ce5e5cad1b: /Users/stav/.nextflow/assets/.repos/nf-core/sarek/clones/b97952e5bac68d5deb93d4a3349a45f146be9830/modules/nf-core/bcftools/merge/main.nf
  _nf_script_6226d67c32a6a140: /Users/stav/.nextflow/assets/.repos/nf-core/sarek/clones/b97952e5bac68d5deb93d4a3349a45f146be9830/subworkflows/local/bam_variant_calling_somatic_manta/main.nf
  _nf_script_1038ef74e8dd2c21: /Users/stav/.nextflow/assets/.repos/nf-core/sarek/clones/b97952e5bac68d5deb93d4a3349a45f146be9830/subworkflows/local/bam_variant_calling_deepvariant/main.nf
  _nf_script_b5aa0785d434683f: /Users/stav/.nextflow/assets/.repos/nf-core/sarek/clones/b97952e5bac68d5deb93d4a3349a45f146be9830/subworkflows/local/cram_qc_mosdepth_samtools/main.nf
  _nf_script_e7a4cce01c5dc149: /Users/stav/.nextflow/assets/.repos/nf-core/sarek/clones/b97952e5bac68d5deb93d4a3349a45f146be9830/modules/nf-core/rbt/vcfsplit/main.nf
  _nf_script_70b38c0adcf7547e: /Users/stav/.nextflow/assets/.repos/nf-core/sarek/clones/b97952e5bac68d5deb93d4a3349a45f146be9830/modules/nf-core/manta/somatic/main.nf
  _nf_script_4103b6818e944649: /Users/stav/.nextflow/assets/.repos/nf-core/sarek/clones/b97952e5bac68d5deb93d4a3349a45f146be9830/subworkflows/local/bam_variant_calling_somatic_tnscope/main.nf
  _nf_script_fbd0ab26ee0b9445: /Users/stav/.nextflow/assets/.repos/nf-core/sarek/clones/b97952e5bac68d5deb93d4a3349a45f146be9830/modules/nf-core/sentieon/varcal/main.nf
  _nf_script_3d3c880601a4bea3: /Users/stav/.nextflow/assets/.repos/nf-core/sarek/clones/b97952e5bac68d5deb93d4a3349a45f146be9830/subworkflows/local/bam_convert_samtools/main.nf
  _nf_script_f3e2c130028a9105: /Users/stav/.nextflow/assets/.repos/nf-core/sarek/clones/b97952e5bac68d5deb93d4a3349a45f146be9830/subworkflows/nf-core/utils_nextflow_pipeline/main.nf
  _nf_script_ee0602b03bf39e9b: /Users/stav/.nextflow/assets/.repos/nf-core/sarek/clones/b97952e5bac68d5deb93d4a3349a45f146be9830/subworkflows/local/samplesheet_to_channel/main.nf
  _nf_script_98d94b341cd910ac: /Users/stav/.nextflow/assets/.repos/nf-core/sarek/clones/b97952e5bac68d5deb93d4a3349a45f146be9830/modules/nf-core/samtools/merge/main.nf
  _nf_script_c1cd2ec133b05aea: /Users/stav/.nextflow/assets/.repos/nf-core/sarek/clones/b97952e5bac68d5deb93d4a3349a45f146be9830/modules/nf-core/fgbio/fastqtobam/main.nf
  _nf_script_4ea25ee2205f1a23: /Users/stav/.nextflow/assets/.repos/nf-core/sarek/clones/b97952e5bac68d5deb93d4a3349a45f146be9830/modules/nf-core/sentieon/applyvarcal/main.nf
  _nf_script_e38c9a289716dde3: /Users/stav/.nextflow/assets/.repos/nf-core/sarek/clones/b97952e5bac68d5deb93d4a3349a45f146be9830/subworkflows/local/bam_variant_calling_germline_manta/main.nf
  _nf_script_037c4a24e2b6aa23: /Users/stav/.nextflow/assets/.repos/nf-core/sarek/clones/b97952e5bac68d5deb93d4a3349a45f146be9830/modules/nf-core/sentieon/haplotyper/main.nf
  _nf_script_bdc8257b76b961c2: /Users/stav/.nextflow/assets/.repos/nf-core/sarek/clones/b97952e5bac68d5deb93d4a3349a45f146be9830/subworkflows/local/bam_variant_calling_indexcov/main.nf
  _nf_script_ac18c61644be3fc1: /Users/stav/.nextflow/assets/.repos/nf-core/sarek/clones/b97952e5bac68d5deb93d4a3349a45f146be9830/subworkflows/local/bam_variant_calling_tumor_only_lofreq/main.nf
  _nf_script_77535672c4c8181d: /Users/stav/.nextflow/assets/.repos/nf-core/sarek/clones/b97952e5bac68d5deb93d4a3349a45f146be9830/subworkflows/nf-core/cache_download_ensemblvep_snpeff/main.nf
  _nf_script_03a74d09bbd4a3b5: /Users/stav/.nextflow/assets/.repos/nf-core/sarek/clones/b97952e5bac68d5deb93d4a3349a45f146be9830/modules/nf-core/gatk4spark/baserecalibrator/main.nf
  _nf_script_15d690f6a43265ef: /Users/stav/.nextflow/assets/.repos/nf-core/sarek/clones/b97952e5bac68d5deb93d4a3349a45f146be9830/modules/nf-core/ensemblvep/download/main.nf
  _nf_script_637f1a9f4b49c2e7: /Users/stav/.nextflow/assets/.repos/nf-core/sarek/clones/b97952e5bac68d5deb93d4a3349a45f146be9830/modules/nf-core/yte/main.nf
  _nf_script_bc2ec8ea3e46a2f7: /Users/stav/.nextflow/assets/.repos/nf-core/sarek/clones/b97952e5bac68d5deb93d4a3349a45f146be9830/modules/nf-core/bcftools/concat/main.nf
  _nf_script_b7a8982545fdbf52: /Users/stav/.nextflow/assets/.repos/nf-core/sarek/clones/b97952e5bac68d5deb93d4a3349a45f146be9830/modules/nf-core/strelka/somatic/main.nf
  _nf_script_05795b3a7fa1700d: /Users/stav/.nextflow/assets/.repos/nf-core/sarek/clones/b97952e5bac68d5deb93d4a3349a45f146be9830/modules/nf-core/cnvkit/call/main.nf
  _nf_script_bbaacc093764cfdc: /Users/stav/.nextflow/assets/.repos/nf-core/sarek/clones/b97952e5bac68d5deb93d4a3349a45f146be9830/modules/nf-core/unzip/main.nf
  _nf_script_426d537e6ff6d9b5: /Users/stav/.nextflow/assets/.repos/nf-core/sarek/clones/b97952e5bac68d5deb93d4a3349a45f146be9830/modules/nf-core/controlfreec/freec/main.nf
  _nf_script_6bae0afb7760ca9f: /Users/stav/.nextflow/assets/.repos/nf-core/sarek/clones/b97952e5bac68d5deb93d4a3349a45f146be9830/subworkflows/local/bam_markduplicates/main.nf
  _nf_script_32205c8d651d4e68: /Users/stav/.nextflow/assets/.repos/nf-core/sarek/clones/b97952e5bac68d5deb93d4a3349a45f146be9830/modules/nf-core/samtools/stats/main.nf
  _nf_script_fefcf51b2070af63: /Users/stav/.nextflow/assets/.repos/nf-core/sarek/clones/b97952e5bac68d5deb93d4a3349a45f146be9830/subworkflows/local/fastq_preprocess_gatk/main.nf
  _nf_script_7dfde318732a1fe7: /Users/stav/.nextflow/assets/.repos/nf-core/sarek/clones/b97952e5bac68d5deb93d4a3349a45f146be9830/modules/nf-core/gatk4/applybqsr/main.nf
  _nf_script_37f587aded2480f8: /Users/stav/.nextflow/assets/.repos/nf-core/sarek/clones/b97952e5bac68d5deb93d4a3349a45f146be9830/subworkflows/local/cram_merge_index_samtools/main.nf
  _nf_script_bc7a1c5781ce3181: /Users/stav/.nextflow/assets/.repos/nf-core/sarek/clones/b97952e5bac68d5deb93d4a3349a45f146be9830/modules/local/add_info_to_vcf/main.nf
  _nf_script_7caaba8264a800bf: /Users/stav/.nextflow/assets/.repos/nf-core/sarek/clones/b97952e5bac68d5deb93d4a3349a45f146be9830/subworkflows/local/channel_markduplicates_create_csv/main.nf
  _nf_script_3ebef7a2a5baabf8: /Users/stav/.nextflow/assets/.repos/nf-core/sarek/clones/b97952e5bac68d5deb93d4a3349a45f146be9830/subworkflows/local/cram_sampleqc/main.nf
  _nf_script_5bed13fefed9f713: /Users/stav/.nextflow/assets/.repos/nf-core/sarek/clones/b97952e5bac68d5deb93d4a3349a45f146be9830/modules/nf-core/fgbio/copyumifromreadname/main.nf
  _nf_script_eeca3ce3adda9748: /Users/stav/.nextflow/assets/.repos/nf-core/sarek/clones/b97952e5bac68d5deb93d4a3349a45f146be9830/modules/nf-core/samtools/index/main.nf
  _nf_script_3d06999b771df305: /Users/stav/.nextflow/assets/.repos/nf-core/sarek/clones/b97952e5bac68d5deb93d4a3349a45f146be9830/modules/nf-core/gatk4/variantrecalibrator/main.nf
  _nf_script_7c76f246ff257b05: /Users/stav/.nextflow/assets/.repos/nf-core/sarek/clones/b97952e5bac68d5deb93d4a3349a45f146be9830/modules/nf-core/ensemblvep/vep/main.nf
  _nf_script_7e481e381910574e: /Users/stav/.nextflow/assets/.repos/nf-core/sarek/clones/b97952e5bac68d5deb93d4a3349a45f146be9830/subworkflows/local/channel_baserecalibrator_create_csv/main.nf
  _nf_script_fb088aa52bad53cf: /Users/stav/.nextflow/assets/.repos/nf-core/sarek/clones/b97952e5bac68d5deb93d4a3349a45f146be9830/modules/nf-core/bwa/index/main.nf
  _nf_script_6044f27594fc276c: /Users/stav/.nextflow/assets/.repos/nf-core/sarek/clones/b97952e5bac68d5deb93d4a3349a45f146be9830/subworkflows/local/bam_sentieon_dedup/main.nf
  _nf_script_6f8c3e22e7923f6a: /Users/stav/.nextflow/assets/.repos/nf-core/sarek/clones/b97952e5bac68d5deb93d4a3349a45f146be9830/modules/nf-core/gatk4/mergemutectstats/main.nf
  _nf_script_fbaac95b32863184: /Users/stav/.nextflow/assets/.repos/nf-core/sarek/clones/b97952e5bac68d5deb93d4a3349a45f146be9830/subworkflows/local/prepare_snpsift_databases/main.nf
  _nf_script_68403cd2ec104b50: /Users/stav/.nextflow/assets/.repos/nf-core/sarek/clones/b97952e5bac68d5deb93d4a3349a45f146be9830/modules/local/samtools/reindex_bam/main.nf
  _nf_script_0ec78c58bc39bd91: /Users/stav/.nextflow/assets/.repos/nf-core/sarek/clones/b97952e5bac68d5deb93d4a3349a45f146be9830/modules/nf-core/gatk4/baserecalibrator/main.nf
  _nf_script_ffa0d3bba6b967df: /Users/stav/.nextflow/assets/.repos/nf-core/sarek/clones/b97952e5bac68d5deb93d4a3349a45f146be9830/modules/nf-core/bbmap/bbsplit/main.nf
  _nf_script_1dd4cf8c5ca3c29e: /Users/stav/.nextflow/assets/.repos/nf-core/sarek/clones/b97952e5bac68d5deb93d4a3349a45f146be9830/subworkflows/local/bam_variant_calling_single_tiddit/main.nf
  _nf_script_000c5de1759373a1: /Users/stav/.nextflow/assets/.repos/nf-core/sarek/clones/b97952e5bac68d5deb93d4a3349a45f146be9830/subworkflows/local/vcf_annotate_all/main.nf
  _nf_script_042297e3affd969b: /Users/stav/.nextflow/assets/.repos/nf-core/sarek/clones/b97952e5bac68d5deb93d4a3349a45f146be9830/modules/nf-core/gatk4/intervallisttobed/main.nf
  _nf_script_8a40da828acdca7f: /Users/stav/.nextflow/assets/.repos/nf-core/sarek/clones/b97952e5bac68d5deb93d4a3349a45f146be9830/modules/nf-core/fgbio/callmolecularconsensusreads/main.nf
  _nf_script_810a08e153ac5472: /Users/stav/.nextflow/assets/.repos/nf-core/sarek/clones/b97952e5bac68d5deb93d4a3349a45f146be9830/modules/nf-core/manta/germline/main.nf
  _nf_script_8728382ec0bcc879: /Users/stav/.nextflow/assets/.repos/nf-core/sarek/clones/b97952e5bac68d5deb93d4a3349a45f146be9830/subworkflows/local/bam_markduplicates_spark/main.nf
  _nf_script_3b7720e50d7c274f: /Users/stav/.nextflow/assets/.repos/nf-core/sarek/clones/b97952e5bac68d5deb93d4a3349a45f146be9830/modules/nf-core/gatk4/mutect2/main.nf
  _nf_script_e3b323eb9a5131d0: /Users/stav/.nextflow/assets/.repos/nf-core/sarek/clones/b97952e5bac68d5deb93d4a3349a45f146be9830/modules/nf-core/msisensor2/msi/main.nf
  _nf_script_bb56f53791c82e0f: /Users/stav/.nextflow/assets/.repos/nf-core/sarek/clones/b97952e5bac68d5deb93d4a3349a45f146be9830/modules/nf-core/gatk4/learnreadorientationmodel/main.nf
  _nf_script_6c5020b69093b773: /Users/stav/.nextflow/assets/.repos/nf-core/sarek/clones/b97952e5bac68d5deb93d4a3349a45f146be9830/modules/nf-core/cnvkit/reference/main.nf
  _nf_script_6d4277dcfb2bd034: /Users/stav/.nextflow/assets/.repos/nf-core/sarek/clones/b97952e5bac68d5deb93d4a3349a45f146be9830/subworkflows/local/channel_applybqsr_create_csv/main.nf
  _nf_script_e02f97725145e79b: /Users/stav/.nextflow/assets/.repos/nf-core/sarek/clones/b97952e5bac68d5deb93d4a3349a45f146be9830/modules/nf-core/muse/call/main.nf
  Main: /Users/stav/.nextflow/assets/.repos/nf-core/sarek/clones/b97952e5bac68d5deb93d4a3349a45f146be9830/main.nf
Aug-14 11:53:01.628 [main] DEBUG nextflow.script.ScriptRunner - > Awaiting termination 
Aug-14 11:53:01.628 [main] DEBUG nextflow.Session - Session await
Aug-14 11:53:01.638 [Actor Thread 14] WARN  nextflow.Nextflow - FASTQ file(/nf-core/test-datasets/modules/data/genomics/homo_sapiens/illumina/fastq/test_1.fastq.gz): Cannot extract flowcell ID from @normal#21#998579#1/1
Aug-14 11:53:01.673 [Actor Thread 14] WARN  nextflow.Nextflow - FASTQ file(/nf-core/test-datasets/modules/data/genomics/homo_sapiens/illumina/fastq/test_1.fastq.gz): Cannot extract flowcell ID from @normal#21#998579#1/1
Aug-14 11:53:01.676 [Actor Thread 82] DEBUG nextflow.sort.BigSort - Sort completed -- entries: 1; slices: 1; internal sort time: 0.001 s; external sort time: 0.006 s; total time: 0.007 s
Aug-14 11:53:01.676 [Actor Thread 71] DEBUG nextflow.sort.BigSort - Sort completed -- entries: 1; slices: 1; internal sort time: 0.001 s; external sort time: 0.006 s; total time: 0.007 s
Aug-14 11:53:01.678 [Actor Thread 71] DEBUG nextflow.file.FileCollector - Saved collect-files list to: /Users/stav/repos/nf-tui/work/collect-file/e8ef45cb52115c8b40aa59c144973850
Aug-14 11:53:01.678 [Actor Thread 82] DEBUG nextflow.file.FileCollector - Saved collect-files list to: /Users/stav/repos/nf-tui/work/collect-file/9a0fb72d1c28ca0840720bcaca1612a1
Aug-14 11:53:01.682 [Actor Thread 82] DEBUG nextflow.file.FileCollector - Deleting file collector temp dir: /var/folders/83/rqjkw_4j5wlf9w5j81fyfy5h0000gn/T/nxf-2893196339366643031
Aug-14 11:53:01.682 [Actor Thread 71] DEBUG nextflow.file.FileCollector - Deleting file collector temp dir: /var/folders/83/rqjkw_4j5wlf9w5j81fyfy5h0000gn/T/nxf-8489215795922206647
Aug-14 11:53:01.717 [FileTransfer-1] DEBUG nextflow.file.FilePorter - Copying foreign file https://raw.githubusercontent.com/nf-core/test-datasets/modules/data/genomics/homo_sapiens/genome/genome.fasta to work dir: /Users/stav/repos/nf-tui/work/stage-b93a7815-7aeb-404f-b951-f2a4977ac8fe/c7/71a93d7366c0473ebbbb3115a2d94e/genome.fasta
Aug-14 11:53:01.717 [FileTransfer-2] DEBUG nextflow.file.FilePorter - Copying foreign file https://raw.githubusercontent.com/nf-core/test-datasets/modules/data/genomics/homo_sapiens/genome/genome.interval_list to work dir: /Users/stav/repos/nf-tui/work/stage-b93a7815-7aeb-404f-b951-f2a4977ac8fe/8b/3e3c7d2215d18a02a55499923fec34/genome.interval_list
Aug-14 11:53:01.778 [FileTransfer-3] DEBUG nextflow.file.FilePorter - Copying foreign file https://raw.githubusercontent.com/nf-core/test-datasets/modules/data/genomics/homo_sapiens/illumina/fastq/test_1.fastq.gz to work dir: /Users/stav/repos/nf-tui/work/stage-b93a7815-7aeb-404f-b951-f2a4977ac8fe/0d/718c4bc3077450327115119a65c555/test_1.fastq.gz
Aug-14 11:53:01.778 [FileTransfer-4] DEBUG nextflow.file.FilePorter - Copying foreign file https://raw.githubusercontent.com/nf-core/test-datasets/modules/data/genomics/homo_sapiens/illumina/fastq/test_2.fastq.gz to work dir: /Users/stav/repos/nf-tui/work/stage-b93a7815-7aeb-404f-b951-f2a4977ac8fe/e7/3d72909f7bf1c3a7661e097263fd0a/test_2.fastq.gz
Aug-14 11:53:01.863 [Task submitter] DEBUG n.executor.local.LocalTaskHandler - Launch cmd line: /bin/bash -ue .command.run
Aug-14 11:53:01.865 [Task submitter] INFO  nextflow.Session - [6b/2b207c] Submitted process > NFCORE_SAREK:PREPARE_GENOME:BWAMEM1_INDEX (genome.fasta)
Aug-14 11:53:01.869 [Task submitter] DEBUG n.executor.local.LocalTaskHandler - Launch cmd line: /bin/bash -ue .command.run
Aug-14 11:53:01.873 [Task submitter] INFO  nextflow.Session - [0a/5fa5fd] Submitted process > NFCORE_SAREK:PREPARE_INTERVALS:GATK4_INTERVALLISTTOBED (genome)
Aug-14 11:53:01.879 [Task submitter] DEBUG n.executor.local.LocalTaskHandler - Launch cmd line: /bin/bash -ue .command.run
Aug-14 11:53:01.880 [Task submitter] INFO  nextflow.Session - [45/7dd864] Submitted process > NFCORE_SAREK:PREPARE_INTERVALS:CREATE_INTERVALS_BED (genome.interval_list)
Aug-14 11:53:02.239 [Task submitter] DEBUG n.executor.local.LocalTaskHandler - Launch cmd line: /bin/bash -ue .command.run
Aug-14 11:53:02.240 [Task submitter] INFO  nextflow.Session - [18/fb192e] Submitted process > NFCORE_SAREK:SAREK:FASTQC (test-test_L1)
Aug-14 11:53:03.513 [Task monitor] DEBUG n.processor.TaskPollingMonitor - Task completed > TaskHandler[id: 1; name: NFCORE_SAREK:PREPARE_INTERVALS:CREATE_INTERVALS_BED (genome.interval_list); status: COMPLETED; exit: 0; error: -; workDir: /Users/stav/repos/nf-tui/work/45/7dd864669c39dd11425e28e1b12839]
Aug-14 11:53:03.514 [Task monitor] DEBUG nextflow.util.ThreadPoolBuilder - Creating thread pool 'TaskFinalizer' minSize=10; maxSize=30; workQueue=LinkedBlockingQueue[-1]; allowCoreThreadTimeout=false
Aug-14 11:53:04.526 [Task submitter] DEBUG n.executor.local.LocalTaskHandler - Launch cmd line: /bin/bash -ue .command.run
Aug-14 11:53:04.526 [Task submitter] INFO  nextflow.Session - [c5/f83dd2] Submitted process > NFCORE_SAREK:PREPARE_INTERVALS:TABIX_BGZIPTABIX_INTERVAL_SPLIT (chr22_1-40001)
Aug-14 11:53:04.899 [Task monitor] DEBUG n.processor.TaskPollingMonitor - Task completed > TaskHandler[id: 2; name: NFCORE_SAREK:PREPARE_GENOME:BWAMEM1_INDEX (genome.fasta); status: COMPLETED; exit: 0; error: -; workDir: /Users/stav/repos/nf-tui/work/6b/2b207c6159f2c627ea525e45dc6ffb]
Aug-14 11:53:06.240 [Task monitor] DEBUG n.processor.TaskPollingMonitor - Task completed > TaskHandler[id: 6; name: NFCORE_SAREK:PREPARE_INTERVALS:TABIX_BGZIPTABIX_INTERVAL_SPLIT (chr22_1-40001); status: COMPLETED; exit: 0; error: -; workDir: /Users/stav/repos/nf-tui/work/c5/f83dd2232701c2dc7995203d3c3d2b]
Aug-14 11:53:06.243 [Task submitter] DEBUG n.executor.local.LocalTaskHandler - Launch cmd line: /bin/bash -ue .command.run
Aug-14 11:53:06.243 [Task submitter] INFO  nextflow.Session - [11/2634ad] Submitted process > NFCORE_SAREK:SAREK:FASTQC (test-test_L2)
Aug-14 11:53:15.447 [Task monitor] DEBUG n.processor.TaskPollingMonitor - Task completed > TaskHandler[id: 4; name: NFCORE_SAREK:SAREK:FASTQC (test-test_L1); status: COMPLETED; exit: 0; error: -; workDir: /Users/stav/repos/nf-tui/work/18/fb192ebc70f1a0e8c764d278c7f4d2]
Aug-14 11:53:15.459 [TaskFinalizer-4] DEBUG nextflow.util.ThreadPoolBuilder - Creating thread pool 'PublishDir' minSize=10; maxSize=30; workQueue=LinkedBlockingQueue[-1]; allowCoreThreadTimeout=false
Aug-14 11:53:18.418 [Task monitor] DEBUG n.processor.TaskPollingMonitor - Task completed > TaskHandler[id: 5; name: NFCORE_SAREK:SAREK:FASTQC (test-test_L2); status: COMPLETED; exit: 0; error: -; workDir: /Users/stav/repos/nf-tui/work/11/2634ad7a2193105c273c515eeef219]
Aug-14 11:53:19.424 [Task monitor] DEBUG n.processor.TaskPollingMonitor - Task completed > TaskHandler[id: 3; name: NFCORE_SAREK:PREPARE_INTERVALS:GATK4_INTERVALLISTTOBED (genome); status: COMPLETED; exit: 0; error: -; workDir: /Users/stav/repos/nf-tui/work/0a/5fa5fde67663dc174abaea8c0605c5]
Aug-14 11:53:19.428 [Task submitter] DEBUG n.executor.local.LocalTaskHandler - Launch cmd line: /bin/bash -ue .command.run
Aug-14 11:53:19.428 [Task submitter] INFO  nextflow.Session - [cd/ec747b] Submitted process > NFCORE_SAREK:SAREK:FASTQ_PREPROCESS_GATK:FASTQ_ALIGN:BWAMEM1_MEM (test-test_L1)
Aug-14 11:53:20.438 [Task submitter] DEBUG n.executor.local.LocalTaskHandler - Launch cmd line: /bin/bash -ue .command.run
Aug-14 11:53:20.438 [Task submitter] INFO  nextflow.Session - [9a/ee3fc8] Submitted process > NFCORE_SAREK:PREPARE_INTERVALS:TABIX_BGZIPTABIX_INTERVAL_COMBINED (genome)
Aug-14 11:53:21.762 [Task monitor] DEBUG n.processor.TaskPollingMonitor - Task completed > TaskHandler[id: 15; name: NFCORE_SAREK:PREPARE_INTERVALS:TABIX_BGZIPTABIX_INTERVAL_COMBINED (genome); status: COMPLETED; exit: 0; error: -; workDir: /Users/stav/repos/nf-tui/work/9a/ee3fc8c583ce80fb12854187eda3af]
Aug-14 11:53:25.967 [Task monitor] DEBUG n.processor.TaskPollingMonitor - Task completed > TaskHandler[id: 10; name: NFCORE_SAREK:SAREK:FASTQ_PREPROCESS_GATK:FASTQ_ALIGN:BWAMEM1_MEM (test-test_L1); status: COMPLETED; exit: 0; error: -; workDir: /Users/stav/repos/nf-tui/work/cd/ec747bc615a949bd320971655be99d]
Aug-14 11:53:25.970 [Task submitter] DEBUG n.executor.local.LocalTaskHandler - Launch cmd line: /bin/bash -ue .command.run
Aug-14 11:53:25.970 [Task submitter] INFO  nextflow.Session - [fa/780df1] Submitted process > NFCORE_SAREK:SAREK:FASTQ_PREPROCESS_GATK:FASTQ_ALIGN:BWAMEM1_MEM (test-test_L2)
Aug-14 11:53:26.025 [TaskFinalizer-8] DEBUG nextflow.processor.TaskProcessor - Process NFCORE_SAREK:SAREK:FASTQ_PREPROCESS_GATK:FASTQ_ALIGN:BWAMEM1_MEM > Skipping output binding because one or more optional files are missing: fileoutparam<1:1>
Aug-14 11:53:26.025 [TaskFinalizer-8] DEBUG nextflow.processor.TaskProcessor - Process NFCORE_SAREK:SAREK:FASTQ_PREPROCESS_GATK:FASTQ_ALIGN:BWAMEM1_MEM > Skipping output binding because one or more optional files are missing: fileoutparam<2:1>
Aug-14 11:53:26.025 [TaskFinalizer-8] DEBUG nextflow.processor.TaskProcessor - Process NFCORE_SAREK:SAREK:FASTQ_PREPROCESS_GATK:FASTQ_ALIGN:BWAMEM1_MEM > Skipping output binding because one or more optional files are missing: fileoutparam<3:1>
Aug-14 11:53:26.029 [Actor Thread 12] DEBUG nextflow.extension.GroupTupleOp - GroupTuple dynamic size: key=[patient:test, sample:test, sex:XX, status:0, num_lanes:2, n_fastq:2, data_type:bam, id:test] size=2
Aug-14 11:53:33.416 [Task monitor] DEBUG n.processor.TaskPollingMonitor - Task completed > TaskHandler[id: 12; name: NFCORE_SAREK:SAREK:FASTQ_PREPROCESS_GATK:FASTQ_ALIGN:BWAMEM1_MEM (test-test_L2); status: COMPLETED; exit: 0; error: -; workDir: /Users/stav/repos/nf-tui/work/fa/780df10b7cfd8d5250ed5d82a284ac]
Aug-14 11:53:33.431 [TaskFinalizer-9] DEBUG nextflow.processor.TaskProcessor - Process NFCORE_SAREK:SAREK:FASTQ_PREPROCESS_GATK:FASTQ_ALIGN:BWAMEM1_MEM > Skipping output binding because one or more optional files are missing: fileoutparam<1:1>
Aug-14 11:53:33.431 [TaskFinalizer-9] DEBUG nextflow.processor.TaskProcessor - Process NFCORE_SAREK:SAREK:FASTQ_PREPROCESS_GATK:FASTQ_ALIGN:BWAMEM1_MEM > Skipping output binding because one or more optional files are missing: fileoutparam<2:1>
Aug-14 11:53:33.431 [TaskFinalizer-9] DEBUG nextflow.processor.TaskProcessor - Process NFCORE_SAREK:SAREK:FASTQ_PREPROCESS_GATK:FASTQ_ALIGN:BWAMEM1_MEM > Skipping output binding because one or more optional files are missing: fileoutparam<3:1>
Aug-14 11:53:33.437 [Actor Thread 12] DEBUG nextflow.extension.GroupTupleOp - GroupTuple dynamic size: key=[patient:test, sample:test, sex:XX, status:0, num_lanes:2, n_fastq:2, data_type:bam, id:test] size=2
Aug-14 11:53:33.515 [FileTransfer-5] DEBUG nextflow.file.FilePorter - Copying foreign file https://raw.githubusercontent.com/nf-core/test-datasets/modules/data/genomics/homo_sapiens/genome/genome.fasta.fai to work dir: /Users/stav/repos/nf-tui/work/stage-b93a7815-7aeb-404f-b951-f2a4977ac8fe/63/e2f48280045029be65bf969725c400/genome.fasta.fai
Aug-14 11:53:33.591 [Task submitter] DEBUG n.executor.local.LocalTaskHandler - Launch cmd line: /bin/bash -ue .command.run
Aug-14 11:53:33.592 [Task submitter] INFO  nextflow.Session - [f8/ae3978] Submitted process > NFCORE_SAREK:SAREK:FASTQ_PREPROCESS_GATK:BAM_MARKDUPLICATES:GATK4_MARKDUPLICATES (test)
Aug-14 11:53:56.056 [Task monitor] DEBUG n.processor.TaskPollingMonitor - Task completed > TaskHandler[id: 16; name: NFCORE_SAREK:SAREK:FASTQ_PREPROCESS_GATK:BAM_MARKDUPLICATES:GATK4_MARKDUPLICATES (test); status: COMPLETED; exit: 0; error: -; workDir: /Users/stav/repos/nf-tui/work/f8/ae3978b1e92afe3cb18d7e70301a55]
Aug-14 11:53:56.064 [TaskFinalizer-10] DEBUG nextflow.processor.TaskProcessor - Process NFCORE_SAREK:SAREK:FASTQ_PREPROCESS_GATK:BAM_MARKDUPLICATES:GATK4_MARKDUPLICATES > Skipping output binding because one or more optional files are missing: fileoutparam<1:1>
Aug-14 11:53:56.065 [TaskFinalizer-10] DEBUG nextflow.processor.TaskProcessor - Process NFCORE_SAREK:SAREK:FASTQ_PREPROCESS_GATK:BAM_MARKDUPLICATES:GATK4_MARKDUPLICATES > Skipping output binding because one or more optional files are missing: fileoutparam<3:1>
Aug-14 11:53:56.078 [Actor Thread 12] DEBUG nextflow.sort.BigSort - Sort completed -- entries: 1; slices: 1; internal sort time: 0.0 s; external sort time: 0.0 s; total time: 0.0 s
Aug-14 11:53:56.080 [Actor Thread 12] DEBUG nextflow.file.FileCollector - Saved collect-files list to: /Users/stav/repos/nf-tui/work/collect-file/bd08031add49a1ba40b55651f19f3647
Aug-14 11:53:56.081 [Actor Thread 12] DEBUG nextflow.file.FileCollector - Deleting file collector temp dir: /var/folders/83/rqjkw_4j5wlf9w5j81fyfy5h0000gn/T/nxf-11245545224517430826
Aug-14 11:53:56.192 [Task submitter] DEBUG n.executor.local.LocalTaskHandler - Launch cmd line: /bin/bash -ue .command.run
Aug-14 11:53:56.192 [Task submitter] INFO  nextflow.Session - [51/d44875] Submitted process > NFCORE_SAREK:SAREK:FASTQ_PREPROCESS_GATK:BAM_MARKDUPLICATES:CRAM_QC_MOSDEPTH_SAMTOOLS:MOSDEPTH (test)
Aug-14 11:53:56.195 [Task submitter] DEBUG n.executor.local.LocalTaskHandler - Launch cmd line: /bin/bash -ue .command.run
Aug-14 11:53:56.195 [Task submitter] INFO  nextflow.Session - [33/cb2bcd] Submitted process > NFCORE_SAREK:SAREK:FASTQ_PREPROCESS_GATK:BAM_MARKDUPLICATES:CRAM_QC_MOSDEPTH_SAMTOOLS:SAMTOOLS_STATS (test)
Aug-14 11:53:56.270 [FileTransfer-6] DEBUG nextflow.file.FilePorter - Copying foreign file https://raw.githubusercontent.com/nf-core/test-datasets/modules/data/genomics/homo_sapiens/genome/genome.dict to work dir: /Users/stav/repos/nf-tui/work/stage-b93a7815-7aeb-404f-b951-f2a4977ac8fe/06/8733fd58aab0255761e45e26b487d5/genome.dict
Aug-14 11:53:56.271 [FileTransfer-7] DEBUG nextflow.file.FilePorter - Copying foreign file https://raw.githubusercontent.com/nf-core/test-datasets/modules/data/genomics/homo_sapiens/genome/vcf/dbsnp_146.hg38.vcf.gz to work dir: /Users/stav/repos/nf-tui/work/stage-b93a7815-7aeb-404f-b951-f2a4977ac8fe/4c/94225205970bfa554baefbffbd02ba/dbsnp_146.hg38.vcf.gz
Aug-14 11:53:56.271 [FileTransfer-8] DEBUG nextflow.file.FilePorter - Copying foreign file https://raw.githubusercontent.com/nf-core/test-datasets/modules/data/genomics/homo_sapiens/genome/vcf/mills_and_1000G.indels.vcf.gz to work dir: /Users/stav/repos/nf-tui/work/stage-b93a7815-7aeb-404f-b951-f2a4977ac8fe/e0/2eaa21069c58009818d647b6a74903/mills_and_1000G.indels.vcf.gz
Aug-14 11:53:56.271 [FileTransfer-9] DEBUG nextflow.file.FilePorter - Copying foreign file https://raw.githubusercontent.com/nf-core/test-datasets/modules/data/genomics/homo_sapiens/genome/vcf/dbsnp_146.hg38.vcf.gz.tbi to work dir: /Users/stav/repos/nf-tui/work/stage-b93a7815-7aeb-404f-b951-f2a4977ac8fe/09/80bbf50b7750ccdb23c3c5ddd6b16b/dbsnp_146.hg38.vcf.gz.tbi
Aug-14 11:53:56.271 [FileTransfer-10] DEBUG nextflow.file.FilePorter - Copying foreign file https://raw.githubusercontent.com/nf-core/test-datasets/modules/data/genomics/homo_sapiens/genome/vcf/mills_and_1000G.indels.vcf.gz.tbi to work dir: /Users/stav/repos/nf-tui/work/stage-b93a7815-7aeb-404f-b951-f2a4977ac8fe/9d/15650b49f3d9280c0460a561ab0190/mills_and_1000G.indels.vcf.gz.tbi
Aug-14 11:53:56.442 [Task submitter] DEBUG n.executor.local.LocalTaskHandler - Launch cmd line: /bin/bash -ue .command.run
Aug-14 11:53:56.442 [Task submitter] INFO  nextflow.Session - [4e/93d83e] Submitted process > NFCORE_SAREK:SAREK:FASTQ_PREPROCESS_GATK:BAM_BASERECALIBRATOR:GATK4_BASERECALIBRATOR (test)
Aug-14 11:53:57.106 [Task monitor] DEBUG n.processor.TaskPollingMonitor - Task completed > TaskHandler[id: 18; name: NFCORE_SAREK:SAREK:FASTQ_PREPROCESS_GATK:BAM_MARKDUPLICATES:CRAM_QC_MOSDEPTH_SAMTOOLS:MOSDEPTH (test); status: COMPLETED; exit: 0; error: -; workDir: /Users/stav/repos/nf-tui/work/51/d448755656e78cb035c07b6a9e69ba]
Aug-14 11:53:57.111 [TaskFinalizer-1] DEBUG nextflow.processor.TaskProcessor - Process NFCORE_SAREK:SAREK:FASTQ_PREPROCESS_GATK:BAM_MARKDUPLICATES:CRAM_QC_MOSDEPTH_SAMTOOLS:MOSDEPTH > Skipping output binding because one or more optional files are missing: fileoutparam<3:1>
Aug-14 11:53:57.111 [TaskFinalizer-1] DEBUG nextflow.processor.TaskProcessor - Process NFCORE_SAREK:SAREK:FASTQ_PREPROCESS_GATK:BAM_MARKDUPLICATES:CRAM_QC_MOSDEPTH_SAMTOOLS:MOSDEPTH > Skipping output binding because one or more optional files are missing: fileoutparam<4:1>
Aug-14 11:53:57.111 [TaskFinalizer-1] DEBUG nextflow.processor.TaskProcessor - Process NFCORE_SAREK:SAREK:FASTQ_PREPROCESS_GATK:BAM_MARKDUPLICATES:CRAM_QC_MOSDEPTH_SAMTOOLS:MOSDEPTH > Skipping output binding because one or more optional files are missing: fileoutparam<5:1>
Aug-14 11:53:57.111 [TaskFinalizer-1] DEBUG nextflow.processor.TaskProcessor - Process NFCORE_SAREK:SAREK:FASTQ_PREPROCESS_GATK:BAM_MARKDUPLICATES:CRAM_QC_MOSDEPTH_SAMTOOLS:MOSDEPTH > Skipping output binding because one or more optional files are missing: fileoutparam<8:1>
Aug-14 11:53:57.111 [TaskFinalizer-1] DEBUG nextflow.processor.TaskProcessor - Process NFCORE_SAREK:SAREK:FASTQ_PREPROCESS_GATK:BAM_MARKDUPLICATES:CRAM_QC_MOSDEPTH_SAMTOOLS:MOSDEPTH > Skipping output binding because one or more optional files are missing: fileoutparam<9:1>
Aug-14 11:53:57.111 [TaskFinalizer-1] DEBUG nextflow.processor.TaskProcessor - Process NFCORE_SAREK:SAREK:FASTQ_PREPROCESS_GATK:BAM_MARKDUPLICATES:CRAM_QC_MOSDEPTH_SAMTOOLS:MOSDEPTH > Skipping output binding because one or more optional files are missing: fileoutparam<10:1>
Aug-14 11:53:57.111 [TaskFinalizer-1] DEBUG nextflow.processor.TaskProcessor - Process NFCORE_SAREK:SAREK:FASTQ_PREPROCESS_GATK:BAM_MARKDUPLICATES:CRAM_QC_MOSDEPTH_SAMTOOLS:MOSDEPTH > Skipping output binding because one or more optional files are missing: fileoutparam<11:1>
Aug-14 11:53:58.668 [Task monitor] DEBUG n.processor.TaskPollingMonitor - Task completed > TaskHandler[id: 17; name: NFCORE_SAREK:SAREK:FASTQ_PREPROCESS_GATK:BAM_MARKDUPLICATES:CRAM_QC_MOSDEPTH_SAMTOOLS:SAMTOOLS_STATS (test); status: COMPLETED; exit: 0; error: -; workDir: /Users/stav/repos/nf-tui/work/33/cb2bcd8dda12f405c65012ffbf9f5c]
Aug-14 11:54:12.281 [Task monitor] DEBUG n.processor.TaskPollingMonitor - Task completed > TaskHandler[id: 19; name: NFCORE_SAREK:SAREK:FASTQ_PREPROCESS_GATK:BAM_BASERECALIBRATOR:GATK4_BASERECALIBRATOR (test); status: COMPLETED; exit: 0; error: -; workDir: /Users/stav/repos/nf-tui/work/4e/93d83ece108cf51a08ac99179b63d0]
Aug-14 11:54:12.285 [Actor Thread 16] DEBUG nextflow.extension.GroupTupleOp - GroupTuple dynamic size: key=[patient:test, sample:test, sex:XX, status:0, num_lanes:2, n_fastq:2, data_type:cram, id:test, num_intervals:1] size=1
Aug-14 11:54:12.293 [Actor Thread 24] DEBUG nextflow.sort.BigSort - Sort completed -- entries: 1; slices: 1; internal sort time: 0.0 s; external sort time: 0.001 s; total time: 0.001 s
Aug-14 11:54:12.293 [Actor Thread 24] DEBUG nextflow.file.FileCollector - Saved collect-files list to: /Users/stav/repos/nf-tui/work/collect-file/b41592c76c8ce36b092885e650b21ff3
Aug-14 11:54:12.294 [Actor Thread 24] DEBUG nextflow.file.FileCollector - Deleting file collector temp dir: /var/folders/83/rqjkw_4j5wlf9w5j81fyfy5h0000gn/T/nxf-3049280221792674274
Aug-14 11:54:12.412 [Task submitter] DEBUG n.executor.local.LocalTaskHandler - Launch cmd line: /bin/bash -ue .command.run
Aug-14 11:54:12.412 [Task submitter] INFO  nextflow.Session - [ff/6d0362] Submitted process > NFCORE_SAREK:SAREK:FASTQ_PREPROCESS_GATK:BAM_APPLYBQSR:GATK4_APPLYBQSR (test)
Aug-14 11:54:26.844 [Task monitor] DEBUG n.processor.TaskPollingMonitor - Task completed > TaskHandler[id: 20; name: NFCORE_SAREK:SAREK:FASTQ_PREPROCESS_GATK:BAM_APPLYBQSR:GATK4_APPLYBQSR (test); status: COMPLETED; exit: 0; error: -; workDir: /Users/stav/repos/nf-tui/work/ff/6d03628e05fb25f4b77b9a92bf93ed]
Aug-14 11:54:26.845 [TaskFinalizer-4] DEBUG n.processor.TaskFileCollector - Process `NFCORE_SAREK:SAREK:FASTQ_PREPROCESS_GATK:BAM_APPLYBQSR:GATK4_APPLYBQSR (test)` is unable to find [UnixPath]: `/Users/stav/repos/nf-tui/work/ff/6d03628e05fb25f4b77b9a92bf93ed/test.recal.bam` (pattern: `test.recal.bam`)
Aug-14 11:54:26.847 [TaskFinalizer-4] DEBUG nextflow.processor.TaskProcessor - Process NFCORE_SAREK:SAREK:FASTQ_PREPROCESS_GATK:BAM_APPLYBQSR:GATK4_APPLYBQSR > Skipping output binding because one or more optional files are missing: fileoutparam<0:1>
Aug-14 11:54:26.847 [Actor Thread 24] DEBUG nextflow.extension.GroupTupleOp - GroupTuple dynamic size: key=[patient:test, sample:test, sex:XX, status:0, num_lanes:2, n_fastq:2, data_type:cram, id:test, num_intervals:1] size=1
Aug-14 11:54:26.852 [Task submitter] DEBUG n.executor.local.LocalTaskHandler - Launch cmd line: /bin/bash -ue .command.run
Aug-14 11:54:26.853 [Task submitter] INFO  nextflow.Session - [9c/4942df] Submitted process > NFCORE_SAREK:SAREK:FASTQ_PREPROCESS_GATK:BAM_APPLYBQSR:CRAM_MERGE_INDEX_SAMTOOLS:INDEX_CRAM (test)
Aug-14 11:54:27.492 [Task monitor] DEBUG n.processor.TaskPollingMonitor - Task completed > TaskHandler[id: 21; name: NFCORE_SAREK:SAREK:FASTQ_PREPROCESS_GATK:BAM_APPLYBQSR:CRAM_MERGE_INDEX_SAMTOOLS:INDEX_CRAM (test); status: COMPLETED; exit: 0; error: -; workDir: /Users/stav/repos/nf-tui/work/9c/4942df2752e09472557de6e50d18fb]
Aug-14 11:54:27.495 [TaskFinalizer-5] DEBUG nextflow.processor.TaskProcessor - Process NFCORE_SAREK:SAREK:FASTQ_PREPROCESS_GATK:BAM_APPLYBQSR:CRAM_MERGE_INDEX_SAMTOOLS:INDEX_CRAM > Skipping output binding because one or more optional files are missing: fileoutparam<0:1>
Aug-14 11:54:27.495 [TaskFinalizer-5] DEBUG nextflow.processor.TaskProcessor - Process NFCORE_SAREK:SAREK:FASTQ_PREPROCESS_GATK:BAM_APPLYBQSR:CRAM_MERGE_INDEX_SAMTOOLS:INDEX_CRAM > Skipping output binding because one or more optional files are missing: fileoutparam<1:1>
Aug-14 11:54:27.501 [Actor Thread 67] DEBUG nextflow.sort.BigSort - Sort completed -- entries: 1; slices: 1; internal sort time: 0.0 s; external sort time: 0.001 s; total time: 0.001 s
Aug-14 11:54:27.501 [Actor Thread 67] DEBUG nextflow.file.FileCollector - Saved collect-files list to: /Users/stav/repos/nf-tui/work/collect-file/b37bd4f96c1f5beb358a4d30e212cd5b
Aug-14 11:54:27.502 [Actor Thread 67] DEBUG nextflow.file.FileCollector - Deleting file collector temp dir: /var/folders/83/rqjkw_4j5wlf9w5j81fyfy5h0000gn/T/nxf-13643986503215683536
Aug-14 11:54:27.668 [Task submitter] DEBUG n.executor.local.LocalTaskHandler - Launch cmd line: /bin/bash -ue .command.run
Aug-14 11:54:27.668 [Task submitter] INFO  nextflow.Session - [98/9ba4fe] Submitted process > NFCORE_SAREK:SAREK:CRAM_SAMPLEQC:CRAM_QC_RECAL:SAMTOOLS_STATS (test)
Aug-14 11:54:27.671 [Task submitter] DEBUG n.executor.local.LocalTaskHandler - Launch cmd line: /bin/bash -ue .command.run
Aug-14 11:54:27.671 [Task submitter] INFO  nextflow.Session - [29/386339] Submitted process > NFCORE_SAREK:SAREK:CRAM_SAMPLEQC:CRAM_QC_RECAL:MOSDEPTH (test)
Aug-14 11:54:27.693 [Task submitter] DEBUG n.executor.local.LocalTaskHandler - Launch cmd line: /bin/bash -ue .command.run
Aug-14 11:54:27.693 [Task submitter] INFO  nextflow.Session - [b6/8f45fc] Submitted process > NFCORE_SAREK:SAREK:BAM_VARIANT_CALLING_GERMLINE_ALL:BAM_VARIANT_CALLING_SINGLE_STRELKA:STRELKA_SINGLE (test)
Aug-14 11:54:28.479 [Task monitor] DEBUG n.processor.TaskPollingMonitor - Task completed > TaskHandler[id: 23; name: NFCORE_SAREK:SAREK:CRAM_SAMPLEQC:CRAM_QC_RECAL:MOSDEPTH (test); status: COMPLETED; exit: 0; error: -; workDir: /Users/stav/repos/nf-tui/work/29/386339e76ae38ebe1f4eea1d9cde9d]
Aug-14 11:54:28.483 [TaskFinalizer-6] DEBUG nextflow.processor.TaskProcessor - Process NFCORE_SAREK:SAREK:CRAM_SAMPLEQC:CRAM_QC_RECAL:MOSDEPTH > Skipping output binding because one or more optional files are missing: fileoutparam<3:1>
Aug-14 11:54:28.484 [TaskFinalizer-6] DEBUG nextflow.processor.TaskProcessor - Process NFCORE_SAREK:SAREK:CRAM_SAMPLEQC:CRAM_QC_RECAL:MOSDEPTH > Skipping output binding because one or more optional files are missing: fileoutparam<4:1>
Aug-14 11:54:28.484 [TaskFinalizer-6] DEBUG nextflow.processor.TaskProcessor - Process NFCORE_SAREK:SAREK:CRAM_SAMPLEQC:CRAM_QC_RECAL:MOSDEPTH > Skipping output binding because one or more optional files are missing: fileoutparam<5:1>
Aug-14 11:54:28.484 [TaskFinalizer-6] DEBUG nextflow.processor.TaskProcessor - Process NFCORE_SAREK:SAREK:CRAM_SAMPLEQC:CRAM_QC_RECAL:MOSDEPTH > Skipping output binding because one or more optional files are missing: fileoutparam<8:1>
Aug-14 11:54:28.484 [TaskFinalizer-6] DEBUG nextflow.processor.TaskProcessor - Process NFCORE_SAREK:SAREK:CRAM_SAMPLEQC:CRAM_QC_RECAL:MOSDEPTH > Skipping output binding because one or more optional files are missing: fileoutparam<9:1>
Aug-14 11:54:28.484 [TaskFinalizer-6] DEBUG nextflow.processor.TaskProcessor - Process NFCORE_SAREK:SAREK:CRAM_SAMPLEQC:CRAM_QC_RECAL:MOSDEPTH > Skipping output binding because one or more optional files are missing: fileoutparam<10:1>
Aug-14 11:54:28.484 [TaskFinalizer-6] DEBUG nextflow.processor.TaskProcessor - Process NFCORE_SAREK:SAREK:CRAM_SAMPLEQC:CRAM_QC_RECAL:MOSDEPTH > Skipping output binding because one or more optional files are missing: fileoutparam<11:1>
Aug-14 11:54:28.488 [Task monitor] DEBUG n.processor.TaskPollingMonitor - Task completed > TaskHandler[id: 22; name: NFCORE_SAREK:SAREK:CRAM_SAMPLEQC:CRAM_QC_RECAL:SAMTOOLS_STATS (test); status: COMPLETED; exit: 0; error: -; workDir: /Users/stav/repos/nf-tui/work/98/9ba4fe86538fbbe117a25091894d1b]
Aug-14 11:55:01.063 [Task monitor] DEBUG n.processor.TaskPollingMonitor - Task completed > TaskHandler[id: 25; name: NFCORE_SAREK:SAREK:BAM_VARIANT_CALLING_GERMLINE_ALL:BAM_VARIANT_CALLING_SINGLE_STRELKA:STRELKA_SINGLE (test); status: COMPLETED; exit: 0; error: -; workDir: /Users/stav/repos/nf-tui/work/b6/8f45fc172292ff298e2122c75a6849]
Aug-14 11:55:01.126 [Actor Thread 111] DEBUG nextflow.sort.BigSort - Sort completed -- entries: 1; slices: 1; internal sort time: 0.001 s; external sort time: 0.007 s; total time: 0.008 s
Aug-14 11:55:01.127 [Actor Thread 111] DEBUG nextflow.file.FileCollector - Saved collect-files list to: /Users/stav/repos/nf-tui/work/collect-file/f75bf0efaab07ffa30ab4293e11ca62f
Aug-14 11:55:01.128 [Actor Thread 111] DEBUG nextflow.file.FileCollector - Deleting file collector temp dir: /var/folders/83/rqjkw_4j5wlf9w5j81fyfy5h0000gn/T/nxf-4457537106398604270
Aug-14 11:55:01.133 [Task submitter] DEBUG n.executor.local.LocalTaskHandler - Launch cmd line: /bin/bash -ue .command.run
Aug-14 11:55:01.133 [Task submitter] INFO  nextflow.Session - [32/ad9c9d] Submitted process > NFCORE_SAREK:SAREK:VCF_QC_BCFTOOLS_VCFTOOLS:VCFTOOLS_SUMMARY (test)
Aug-14 11:55:01.137 [Task submitter] DEBUG n.executor.local.LocalTaskHandler - Launch cmd line: /bin/bash -ue .command.run
Aug-14 11:55:01.137 [Task submitter] INFO  nextflow.Session - [40/c0df0c] Submitted process > NFCORE_SAREK:SAREK:VCF_QC_BCFTOOLS_VCFTOOLS:BCFTOOLS_STATS (test)
Aug-14 11:55:01.140 [Task submitter] DEBUG n.executor.local.LocalTaskHandler - Launch cmd line: /bin/bash -ue .command.run
Aug-14 11:55:01.140 [Task submitter] INFO  nextflow.Session - [50/f85d73] Submitted process > NFCORE_SAREK:SAREK:VCF_QC_BCFTOOLS_VCFTOOLS:VCFTOOLS_TSTV_QUAL (test)
Aug-14 11:55:01.147 [Task submitter] DEBUG n.executor.local.LocalTaskHandler - Launch cmd line: /bin/bash -ue .command.run
Aug-14 11:55:01.147 [Task submitter] INFO  nextflow.Session - [70/0ea3f7] Submitted process > NFCORE_SAREK:SAREK:VCF_QC_BCFTOOLS_VCFTOOLS:VCFTOOLS_TSTV_COUNT (test)
Aug-14 11:55:02.432 [Task monitor] DEBUG n.processor.TaskPollingMonitor - Task completed > TaskHandler[id: 28; name: NFCORE_SAREK:SAREK:VCF_QC_BCFTOOLS_VCFTOOLS:BCFTOOLS_STATS (test); status: COMPLETED; exit: 0; error: -; workDir: /Users/stav/repos/nf-tui/work/40/c0df0cceb4466f4c7fdd3a46329d5a]
Aug-14 11:55:02.997 [Task monitor] DEBUG n.processor.TaskPollingMonitor - Task completed > TaskHandler[id: 29; name: NFCORE_SAREK:SAREK:VCF_QC_BCFTOOLS_VCFTOOLS:VCFTOOLS_TSTV_QUAL (test); status: COMPLETED; exit: 0; error: -; workDir: /Users/stav/repos/nf-tui/work/50/f85d7397a1fa31dbf5464c7e367e33]
Aug-14 11:55:03.015 [TaskFinalizer-10] DEBUG nextflow.processor.TaskProcessor - Process NFCORE_SAREK:SAREK:VCF_QC_BCFTOOLS_VCFTOOLS:VCFTOOLS_TSTV_QUAL > Skipping output binding because one or more optional files are missing: fileoutparam<0:1>
Aug-14 11:55:03.015 [TaskFinalizer-10] DEBUG nextflow.processor.TaskProcessor - Process NFCORE_SAREK:SAREK:VCF_QC_BCFTOOLS_VCFTOOLS:VCFTOOLS_TSTV_QUAL > Skipping output binding because one or more optional files are missing: fileoutparam<1:1>
Aug-14 11:55:03.015 [TaskFinalizer-10] DEBUG nextflow.processor.TaskProcessor - Process NFCORE_SAREK:SAREK:VCF_QC_BCFTOOLS_VCFTOOLS:VCFTOOLS_TSTV_QUAL > Skipping output binding because one or more optional files are missing: fileoutparam<2:1>
Aug-14 11:55:03.015 [TaskFinalizer-10] DEBUG nextflow.processor.TaskProcessor - Process NFCORE_SAREK:SAREK:VCF_QC_BCFTOOLS_VCFTOOLS:VCFTOOLS_TSTV_QUAL > Skipping output binding because one or more optional files are missing: fileoutparam<3:1>
Aug-14 11:55:03.015 [TaskFinalizer-10] DEBUG nextflow.processor.TaskProcessor - Process NFCORE_SAREK:SAREK:VCF_QC_BCFTOOLS_VCFTOOLS:VCFTOOLS_TSTV_QUAL > Skipping output binding because one or more optional files are missing: fileoutparam<4:1>
Aug-14 11:55:03.015 [TaskFinalizer-10] DEBUG nextflow.processor.TaskProcessor - Process NFCORE_SAREK:SAREK:VCF_QC_BCFTOOLS_VCFTOOLS:VCFTOOLS_TSTV_QUAL > Skipping output binding because one or more optional files are missing: fileoutparam<5:1>
Aug-14 11:55:03.015 [TaskFinalizer-10] DEBUG nextflow.processor.TaskProcessor - Process NFCORE_SAREK:SAREK:VCF_QC_BCFTOOLS_VCFTOOLS:VCFTOOLS_TSTV_QUAL > Skipping output binding because one or more optional files are missing: fileoutparam<6:1>
Aug-14 11:55:03.015 [TaskFinalizer-10] DEBUG nextflow.processor.TaskProcessor - Process NFCORE_SAREK:SAREK:VCF_QC_BCFTOOLS_VCFTOOLS:VCFTOOLS_TSTV_QUAL > Skipping output binding because one or more optional files are missing: fileoutparam<7:1>
Aug-14 11:55:03.015 [TaskFinalizer-10] DEBUG nextflow.processor.TaskProcessor - Process NFCORE_SAREK:SAREK:VCF_QC_BCFTOOLS_VCFTOOLS:VCFTOOLS_TSTV_QUAL > Skipping output binding because one or more optional files are missing: fileoutparam<8:1>
Aug-14 11:55:03.015 [TaskFinalizer-10] DEBUG nextflow.processor.TaskProcessor - Process NFCORE_SAREK:SAREK:VCF_QC_BCFTOOLS_VCFTOOLS:VCFTOOLS_TSTV_QUAL > Skipping output binding because one or more optional files are missing: fileoutparam<9:1>
Aug-14 11:55:03.015 [TaskFinalizer-10] DEBUG nextflow.processor.TaskProcessor - Process NFCORE_SAREK:SAREK:VCF_QC_BCFTOOLS_VCFTOOLS:VCFTOOLS_TSTV_QUAL > Skipping output binding because one or more optional files are missing: fileoutparam<10:1>
Aug-14 11:55:03.015 [TaskFinalizer-10] DEBUG nextflow.processor.TaskProcessor - Process NFCORE_SAREK:SAREK:VCF_QC_BCFTOOLS_VCFTOOLS:VCFTOOLS_TSTV_QUAL > Skipping output binding because one or more optional files are missing: fileoutparam<11:1>
Aug-14 11:55:03.015 [TaskFinalizer-10] DEBUG nextflow.processor.TaskProcessor - Process NFCORE_SAREK:SAREK:VCF_QC_BCFTOOLS_VCFTOOLS:VCFTOOLS_TSTV_QUAL > Skipping output binding because one or more optional files are missing: fileoutparam<12:1>
Aug-14 11:55:03.015 [TaskFinalizer-10] DEBUG nextflow.processor.TaskProcessor - Process NFCORE_SAREK:SAREK:VCF_QC_BCFTOOLS_VCFTOOLS:VCFTOOLS_TSTV_QUAL > Skipping output binding because one or more optional files are missing: fileoutparam<13:1>
Aug-14 11:55:03.015 [TaskFinalizer-10] DEBUG nextflow.processor.TaskProcessor - Process NFCORE_SAREK:SAREK:VCF_QC_BCFTOOLS_VCFTOOLS:VCFTOOLS_TSTV_QUAL > Skipping output binding because one or more optional files are missing: fileoutparam<14:1>
Aug-14 11:55:03.015 [TaskFinalizer-10] DEBUG nextflow.processor.TaskProcessor - Process NFCORE_SAREK:SAREK:VCF_QC_BCFTOOLS_VCFTOOLS:VCFTOOLS_TSTV_QUAL > Skipping output binding because one or more optional files are missing: fileoutparam<15:1>
Aug-14 11:55:03.015 [TaskFinalizer-10] DEBUG nextflow.processor.TaskProcessor - Process NFCORE_SAREK:SAREK:VCF_QC_BCFTOOLS_VCFTOOLS:VCFTOOLS_TSTV_QUAL > Skipping output binding because one or more optional files are missing: fileoutparam<16:1>
Aug-14 11:55:03.016 [TaskFinalizer-10] DEBUG nextflow.processor.TaskProcessor - Process NFCORE_SAREK:SAREK:VCF_QC_BCFTOOLS_VCFTOOLS:VCFTOOLS_TSTV_QUAL > Skipping output binding because one or more optional files are missing: fileoutparam<17:1>
Aug-14 11:55:03.016 [TaskFinalizer-10] DEBUG nextflow.processor.TaskProcessor - Process NFCORE_SAREK:SAREK:VCF_QC_BCFTOOLS_VCFTOOLS:VCFTOOLS_TSTV_QUAL > Skipping output binding because one or more optional files are missing: fileoutparam<19:1>
Aug-14 11:55:03.016 [TaskFinalizer-10] DEBUG nextflow.processor.TaskProcessor - Process NFCORE_SAREK:SAREK:VCF_QC_BCFTOOLS_VCFTOOLS:VCFTOOLS_TSTV_QUAL > Skipping output binding because one or more optional files are missing: fileoutparam<20:1>
Aug-14 11:55:03.016 [TaskFinalizer-10] DEBUG nextflow.processor.TaskProcessor - Process NFCORE_SAREK:SAREK:VCF_QC_BCFTOOLS_VCFTOOLS:VCFTOOLS_TSTV_QUAL > Skipping output binding because one or more optional files are missing: fileoutparam<21:1>
Aug-14 11:55:03.016 [TaskFinalizer-10] DEBUG nextflow.processor.TaskProcessor - Process NFCORE_SAREK:SAREK:VCF_QC_BCFTOOLS_VCFTOOLS:VCFTOOLS_TSTV_QUAL > Skipping output binding because one or more optional files are missing: fileoutparam<22:1>
Aug-14 11:55:03.016 [TaskFinalizer-10] DEBUG nextflow.processor.TaskProcessor - Process NFCORE_SAREK:SAREK:VCF_QC_BCFTOOLS_VCFTOOLS:VCFTOOLS_TSTV_QUAL > Skipping output binding because one or more optional files are missing: fileoutparam<23:1>
Aug-14 11:55:03.016 [TaskFinalizer-10] DEBUG nextflow.processor.TaskProcessor - Process NFCORE_SAREK:SAREK:VCF_QC_BCFTOOLS_VCFTOOLS:VCFTOOLS_TSTV_QUAL > Skipping output binding because one or more optional files are missing: fileoutparam<24:1>
Aug-14 11:55:03.016 [TaskFinalizer-10] DEBUG nextflow.processor.TaskProcessor - Process NFCORE_SAREK:SAREK:VCF_QC_BCFTOOLS_VCFTOOLS:VCFTOOLS_TSTV_QUAL > Skipping output binding because one or more optional files are missing: fileoutparam<25:1>
Aug-14 11:55:03.016 [TaskFinalizer-10] DEBUG nextflow.processor.TaskProcessor - Process NFCORE_SAREK:SAREK:VCF_QC_BCFTOOLS_VCFTOOLS:VCFTOOLS_TSTV_QUAL > Skipping output binding because one or more optional files are missing: fileoutparam<26:1>
Aug-14 11:55:03.016 [TaskFinalizer-10] DEBUG nextflow.processor.TaskProcessor - Process NFCORE_SAREK:SAREK:VCF_QC_BCFTOOLS_VCFTOOLS:VCFTOOLS_TSTV_QUAL > Skipping output binding because one or more optional files are missing: fileoutparam<27:1>
Aug-14 11:55:03.016 [TaskFinalizer-10] DEBUG nextflow.processor.TaskProcessor - Process NFCORE_SAREK:SAREK:VCF_QC_BCFTOOLS_VCFTOOLS:VCFTOOLS_TSTV_QUAL > Skipping output binding because one or more optional files are missing: fileoutparam<28:1>
Aug-14 11:55:03.016 [TaskFinalizer-10] DEBUG nextflow.processor.TaskProcessor - Process NFCORE_SAREK:SAREK:VCF_QC_BCFTOOLS_VCFTOOLS:VCFTOOLS_TSTV_QUAL > Skipping output binding because one or more optional files are missing: fileoutparam<29:1>
Aug-14 11:55:03.016 [TaskFinalizer-10] DEBUG nextflow.processor.TaskProcessor - Process NFCORE_SAREK:SAREK:VCF_QC_BCFTOOLS_VCFTOOLS:VCFTOOLS_TSTV_QUAL > Skipping output binding because one or more optional files are missing: fileoutparam<30:1>
Aug-14 11:55:03.016 [TaskFinalizer-10] DEBUG nextflow.processor.TaskProcessor - Process NFCORE_SAREK:SAREK:VCF_QC_BCFTOOLS_VCFTOOLS:VCFTOOLS_TSTV_QUAL > Skipping output binding because one or more optional files are missing: fileoutparam<31:1>
Aug-14 11:55:03.016 [TaskFinalizer-10] DEBUG nextflow.processor.TaskProcessor - Process NFCORE_SAREK:SAREK:VCF_QC_BCFTOOLS_VCFTOOLS:VCFTOOLS_TSTV_QUAL > Skipping output binding because one or more optional files are missing: fileoutparam<32:1>
Aug-14 11:55:03.016 [TaskFinalizer-10] DEBUG nextflow.processor.TaskProcessor - Process NFCORE_SAREK:SAREK:VCF_QC_BCFTOOLS_VCFTOOLS:VCFTOOLS_TSTV_QUAL > Skipping output binding because one or more optional files are missing: fileoutparam<33:1>
Aug-14 11:55:03.016 [TaskFinalizer-10] DEBUG nextflow.processor.TaskProcessor - Process NFCORE_SAREK:SAREK:VCF_QC_BCFTOOLS_VCFTOOLS:VCFTOOLS_TSTV_QUAL > Skipping output binding because one or more optional files are missing: fileoutparam<34:1>
Aug-14 11:55:03.016 [TaskFinalizer-10] DEBUG nextflow.processor.TaskProcessor - Process NFCORE_SAREK:SAREK:VCF_QC_BCFTOOLS_VCFTOOLS:VCFTOOLS_TSTV_QUAL > Skipping output binding because one or more optional files are missing: fileoutparam<35:1>
Aug-14 11:55:03.016 [TaskFinalizer-10] DEBUG nextflow.processor.TaskProcessor - Process NFCORE_SAREK:SAREK:VCF_QC_BCFTOOLS_VCFTOOLS:VCFTOOLS_TSTV_QUAL > Skipping output binding because one or more optional files are missing: fileoutparam<36:1>
Aug-14 11:55:03.016 [TaskFinalizer-10] DEBUG nextflow.processor.TaskProcessor - Process NFCORE_SAREK:SAREK:VCF_QC_BCFTOOLS_VCFTOOLS:VCFTOOLS_TSTV_QUAL > Skipping output binding because one or more optional files are missing: fileoutparam<37:1>
Aug-14 11:55:03.016 [TaskFinalizer-10] DEBUG nextflow.processor.TaskProcessor - Process NFCORE_SAREK:SAREK:VCF_QC_BCFTOOLS_VCFTOOLS:VCFTOOLS_TSTV_QUAL > Skipping output binding because one or more optional files are missing: fileoutparam<38:1>
Aug-14 11:55:03.016 [TaskFinalizer-10] DEBUG nextflow.processor.TaskProcessor - Process NFCORE_SAREK:SAREK:VCF_QC_BCFTOOLS_VCFTOOLS:VCFTOOLS_TSTV_QUAL > Skipping output binding because one or more optional files are missing: fileoutparam<39:1>
Aug-14 11:55:03.016 [TaskFinalizer-10] DEBUG nextflow.processor.TaskProcessor - Process NFCORE_SAREK:SAREK:VCF_QC_BCFTOOLS_VCFTOOLS:VCFTOOLS_TSTV_QUAL > Skipping output binding because one or more optional files are missing: fileoutparam<40:1>
Aug-14 11:55:03.016 [TaskFinalizer-10] DEBUG nextflow.processor.TaskProcessor - Process NFCORE_SAREK:SAREK:VCF_QC_BCFTOOLS_VCFTOOLS:VCFTOOLS_TSTV_QUAL > Skipping output binding because one or more optional files are missing: fileoutparam<41:1>
Aug-14 11:55:03.016 [TaskFinalizer-10] DEBUG nextflow.processor.TaskProcessor - Process NFCORE_SAREK:SAREK:VCF_QC_BCFTOOLS_VCFTOOLS:VCFTOOLS_TSTV_QUAL > Skipping output binding because one or more optional files are missing: fileoutparam<42:1>
Aug-14 11:55:03.016 [TaskFinalizer-10] DEBUG nextflow.processor.TaskProcessor - Process NFCORE_SAREK:SAREK:VCF_QC_BCFTOOLS_VCFTOOLS:VCFTOOLS_TSTV_QUAL > Skipping output binding because one or more optional files are missing: fileoutparam<43:1>
Aug-14 11:55:03.016 [TaskFinalizer-10] DEBUG nextflow.processor.TaskProcessor - Process NFCORE_SAREK:SAREK:VCF_QC_BCFTOOLS_VCFTOOLS:VCFTOOLS_TSTV_QUAL > Skipping output binding because one or more optional files are missing: fileoutparam<44:1>
Aug-14 11:55:03.016 [TaskFinalizer-10] DEBUG nextflow.processor.TaskProcessor - Process NFCORE_SAREK:SAREK:VCF_QC_BCFTOOLS_VCFTOOLS:VCFTOOLS_TSTV_QUAL > Skipping output binding because one or more optional files are missing: fileoutparam<45:1>
Aug-14 11:55:03.016 [TaskFinalizer-10] DEBUG nextflow.processor.TaskProcessor - Process NFCORE_SAREK:SAREK:VCF_QC_BCFTOOLS_VCFTOOLS:VCFTOOLS_TSTV_QUAL > Skipping output binding because one or more optional files are missing: fileoutparam<46:1>
Aug-14 11:55:03.016 [TaskFinalizer-10] DEBUG nextflow.processor.TaskProcessor - Process NFCORE_SAREK:SAREK:VCF_QC_BCFTOOLS_VCFTOOLS:VCFTOOLS_TSTV_QUAL > Skipping output binding because one or more optional files are missing: fileoutparam<47:1>
Aug-14 11:55:03.016 [TaskFinalizer-10] DEBUG nextflow.processor.TaskProcessor - Process NFCORE_SAREK:SAREK:VCF_QC_BCFTOOLS_VCFTOOLS:VCFTOOLS_TSTV_QUAL > Skipping output binding because one or more optional files are missing: fileoutparam<48:1>
Aug-14 11:55:03.016 [TaskFinalizer-10] DEBUG nextflow.processor.TaskProcessor - Process NFCORE_SAREK:SAREK:VCF_QC_BCFTOOLS_VCFTOOLS:VCFTOOLS_TSTV_QUAL > Skipping output binding because one or more optional files are missing: fileoutparam<49:1>
Aug-14 11:55:03.016 [TaskFinalizer-10] DEBUG nextflow.processor.TaskProcessor - Process NFCORE_SAREK:SAREK:VCF_QC_BCFTOOLS_VCFTOOLS:VCFTOOLS_TSTV_QUAL > Skipping output binding because one or more optional files are missing: fileoutparam<50:1>
Aug-14 11:55:03.016 [TaskFinalizer-10] DEBUG nextflow.processor.TaskProcessor - Process NFCORE_SAREK:SAREK:VCF_QC_BCFTOOLS_VCFTOOLS:VCFTOOLS_TSTV_QUAL > Skipping output binding because one or more optional files are missing: fileoutparam<51:1>
Aug-14 11:55:03.016 [TaskFinalizer-10] DEBUG nextflow.processor.TaskProcessor - Process NFCORE_SAREK:SAREK:VCF_QC_BCFTOOLS_VCFTOOLS:VCFTOOLS_TSTV_QUAL > Skipping output binding because one or more optional files are missing: fileoutparam<52:1>
Aug-14 11:55:03.016 [TaskFinalizer-10] DEBUG nextflow.processor.TaskProcessor - Process NFCORE_SAREK:SAREK:VCF_QC_BCFTOOLS_VCFTOOLS:VCFTOOLS_TSTV_QUAL > Skipping output binding because one or more optional files are missing: fileoutparam<53:1>
Aug-14 11:55:03.016 [TaskFinalizer-10] DEBUG nextflow.processor.TaskProcessor - Process NFCORE_SAREK:SAREK:VCF_QC_BCFTOOLS_VCFTOOLS:VCFTOOLS_TSTV_QUAL > Skipping output binding because one or more optional files are missing: fileoutparam<54:1>
Aug-14 11:55:03.016 [TaskFinalizer-10] DEBUG nextflow.processor.TaskProcessor - Process NFCORE_SAREK:SAREK:VCF_QC_BCFTOOLS_VCFTOOLS:VCFTOOLS_TSTV_QUAL > Skipping output binding because one or more optional files are missing: fileoutparam<55:1>
Aug-14 11:55:03.016 [TaskFinalizer-10] DEBUG nextflow.processor.TaskProcessor - Process NFCORE_SAREK:SAREK:VCF_QC_BCFTOOLS_VCFTOOLS:VCFTOOLS_TSTV_QUAL > Skipping output binding because one or more optional files are missing: fileoutparam<56:1>
Aug-14 11:55:03.016 [TaskFinalizer-10] DEBUG nextflow.processor.TaskProcessor - Process NFCORE_SAREK:SAREK:VCF_QC_BCFTOOLS_VCFTOOLS:VCFTOOLS_TSTV_QUAL > Skipping output binding because one or more optional files are missing: fileoutparam<57:1>
Aug-14 11:55:03.016 [TaskFinalizer-10] DEBUG nextflow.processor.TaskProcessor - Process NFCORE_SAREK:SAREK:VCF_QC_BCFTOOLS_VCFTOOLS:VCFTOOLS_TSTV_QUAL > Skipping output binding because one or more optional files are missing: fileoutparam<58:1>
Aug-14 11:55:03.016 [TaskFinalizer-10] DEBUG nextflow.processor.TaskProcessor - Process NFCORE_SAREK:SAREK:VCF_QC_BCFTOOLS_VCFTOOLS:VCFTOOLS_TSTV_QUAL > Skipping output binding because one or more optional files are missing: fileoutparam<59:1>
Aug-14 11:55:03.016 [TaskFinalizer-10] DEBUG nextflow.processor.TaskProcessor - Process NFCORE_SAREK:SAREK:VCF_QC_BCFTOOLS_VCFTOOLS:VCFTOOLS_TSTV_QUAL > Skipping output binding because one or more optional files are missing: fileoutparam<60:1>
Aug-14 11:55:03.016 [TaskFinalizer-10] DEBUG nextflow.processor.TaskProcessor - Process NFCORE_SAREK:SAREK:VCF_QC_BCFTOOLS_VCFTOOLS:VCFTOOLS_TSTV_QUAL > Skipping output binding because one or more optional files are missing: fileoutparam<61:1>
Aug-14 11:55:03.037 [Task monitor] DEBUG n.processor.TaskPollingMonitor - Task completed > TaskHandler[id: 27; name: NFCORE_SAREK:SAREK:VCF_QC_BCFTOOLS_VCFTOOLS:VCFTOOLS_TSTV_COUNT (test); status: COMPLETED; exit: 0; error: -; workDir: /Users/stav/repos/nf-tui/work/70/0ea3f7fcc14c87771a6e6eb23cf03d]
Aug-14 11:55:03.059 [TaskFinalizer-1] DEBUG nextflow.processor.TaskProcessor - Process NFCORE_SAREK:SAREK:VCF_QC_BCFTOOLS_VCFTOOLS:VCFTOOLS_TSTV_COUNT > Skipping output binding because one or more optional files are missing: fileoutparam<0:1>
Aug-14 11:55:03.059 [TaskFinalizer-1] DEBUG nextflow.processor.TaskProcessor - Process NFCORE_SAREK:SAREK:VCF_QC_BCFTOOLS_VCFTOOLS:VCFTOOLS_TSTV_COUNT > Skipping output binding because one or more optional files are missing: fileoutparam<1:1>
Aug-14 11:55:03.059 [TaskFinalizer-1] DEBUG nextflow.processor.TaskProcessor - Process NFCORE_SAREK:SAREK:VCF_QC_BCFTOOLS_VCFTOOLS:VCFTOOLS_TSTV_COUNT > Skipping output binding because one or more optional files are missing: fileoutparam<2:1>
Aug-14 11:55:03.059 [TaskFinalizer-1] DEBUG nextflow.processor.TaskProcessor - Process NFCORE_SAREK:SAREK:VCF_QC_BCFTOOLS_VCFTOOLS:VCFTOOLS_TSTV_COUNT > Skipping output binding because one or more optional files are missing: fileoutparam<3:1>
Aug-14 11:55:03.060 [TaskFinalizer-1] DEBUG nextflow.processor.TaskProcessor - Process NFCORE_SAREK:SAREK:VCF_QC_BCFTOOLS_VCFTOOLS:VCFTOOLS_TSTV_COUNT > Skipping output binding because one or more optional files are missing: fileoutparam<4:1>
Aug-14 11:55:03.060 [TaskFinalizer-1] DEBUG nextflow.processor.TaskProcessor - Process NFCORE_SAREK:SAREK:VCF_QC_BCFTOOLS_VCFTOOLS:VCFTOOLS_TSTV_COUNT > Skipping output binding because one or more optional files are missing: fileoutparam<5:1>
Aug-14 11:55:03.060 [TaskFinalizer-1] DEBUG nextflow.processor.TaskProcessor - Process NFCORE_SAREK:SAREK:VCF_QC_BCFTOOLS_VCFTOOLS:VCFTOOLS_TSTV_COUNT > Skipping output binding because one or more optional files are missing: fileoutparam<6:1>
Aug-14 11:55:03.060 [TaskFinalizer-1] DEBUG nextflow.processor.TaskProcessor - Process NFCORE_SAREK:SAREK:VCF_QC_BCFTOOLS_VCFTOOLS:VCFTOOLS_TSTV_COUNT > Skipping output binding because one or more optional files are missing: fileoutparam<7:1>
Aug-14 11:55:03.060 [TaskFinalizer-1] DEBUG nextflow.processor.TaskProcessor - Process NFCORE_SAREK:SAREK:VCF_QC_BCFTOOLS_VCFTOOLS:VCFTOOLS_TSTV_COUNT > Skipping output binding because one or more optional files are missing: fileoutparam<8:1>
Aug-14 11:55:03.060 [TaskFinalizer-1] DEBUG nextflow.processor.TaskProcessor - Process NFCORE_SAREK:SAREK:VCF_QC_BCFTOOLS_VCFTOOLS:VCFTOOLS_TSTV_COUNT > Skipping output binding because one or more optional files are missing: fileoutparam<9:1>
Aug-14 11:55:03.060 [TaskFinalizer-1] DEBUG nextflow.processor.TaskProcessor - Process NFCORE_SAREK:SAREK:VCF_QC_BCFTOOLS_VCFTOOLS:VCFTOOLS_TSTV_COUNT > Skipping output binding because one or more optional files are missing: fileoutparam<10:1>
Aug-14 11:55:03.060 [TaskFinalizer-1] DEBUG nextflow.processor.TaskProcessor - Process NFCORE_SAREK:SAREK:VCF_QC_BCFTOOLS_VCFTOOLS:VCFTOOLS_TSTV_COUNT > Skipping output binding because one or more optional files are missing: fileoutparam<11:1>
Aug-14 11:55:03.060 [TaskFinalizer-1] DEBUG nextflow.processor.TaskProcessor - Process NFCORE_SAREK:SAREK:VCF_QC_BCFTOOLS_VCFTOOLS:VCFTOOLS_TSTV_COUNT > Skipping output binding because one or more optional files are missing: fileoutparam<12:1>
Aug-14 11:55:03.060 [TaskFinalizer-1] DEBUG nextflow.processor.TaskProcessor - Process NFCORE_SAREK:SAREK:VCF_QC_BCFTOOLS_VCFTOOLS:VCFTOOLS_TSTV_COUNT > Skipping output binding because one or more optional files are missing: fileoutparam<13:1>
Aug-14 11:55:03.060 [TaskFinalizer-1] DEBUG nextflow.processor.TaskProcessor - Process NFCORE_SAREK:SAREK:VCF_QC_BCFTOOLS_VCFTOOLS:VCFTOOLS_TSTV_COUNT > Skipping output binding because one or more optional files are missing: fileoutparam<14:1>
Aug-14 11:55:03.060 [TaskFinalizer-1] DEBUG nextflow.processor.TaskProcessor - Process NFCORE_SAREK:SAREK:VCF_QC_BCFTOOLS_VCFTOOLS:VCFTOOLS_TSTV_COUNT > Skipping output binding because one or more optional files are missing: fileoutparam<15:1>
Aug-14 11:55:03.060 [TaskFinalizer-1] DEBUG nextflow.processor.TaskProcessor - Process NFCORE_SAREK:SAREK:VCF_QC_BCFTOOLS_VCFTOOLS:VCFTOOLS_TSTV_COUNT > Skipping output binding because one or more optional files are missing: fileoutparam<16:1>
Aug-14 11:55:03.061 [TaskFinalizer-1] DEBUG nextflow.processor.TaskProcessor - Process NFCORE_SAREK:SAREK:VCF_QC_BCFTOOLS_VCFTOOLS:VCFTOOLS_TSTV_COUNT > Skipping output binding because one or more optional files are missing: fileoutparam<18:1>
Aug-14 11:55:03.061 [TaskFinalizer-1] DEBUG nextflow.processor.TaskProcessor - Process NFCORE_SAREK:SAREK:VCF_QC_BCFTOOLS_VCFTOOLS:VCFTOOLS_TSTV_COUNT > Skipping output binding because one or more optional files are missing: fileoutparam<19:1>
Aug-14 11:55:03.061 [TaskFinalizer-1] DEBUG nextflow.processor.TaskProcessor - Process NFCORE_SAREK:SAREK:VCF_QC_BCFTOOLS_VCFTOOLS:VCFTOOLS_TSTV_COUNT > Skipping output binding because one or more optional files are missing: fileoutparam<20:1>
Aug-14 11:55:03.061 [TaskFinalizer-1] DEBUG nextflow.processor.TaskProcessor - Process NFCORE_SAREK:SAREK:VCF_QC_BCFTOOLS_VCFTOOLS:VCFTOOLS_TSTV_COUNT > Skipping output binding because one or more optional files are missing: fileoutparam<21:1>
Aug-14 11:55:03.061 [TaskFinalizer-1] DEBUG nextflow.processor.TaskProcessor - Process NFCORE_SAREK:SAREK:VCF_QC_BCFTOOLS_VCFTOOLS:VCFTOOLS_TSTV_COUNT > Skipping output binding because one or more optional files are missing: fileoutparam<22:1>
Aug-14 11:55:03.061 [TaskFinalizer-1] DEBUG nextflow.processor.TaskProcessor - Process NFCORE_SAREK:SAREK:VCF_QC_BCFTOOLS_VCFTOOLS:VCFTOOLS_TSTV_COUNT > Skipping output binding because one or more optional files are missing: fileoutparam<23:1>
Aug-14 11:55:03.061 [TaskFinalizer-1] DEBUG nextflow.processor.TaskProcessor - Process NFCORE_SAREK:SAREK:VCF_QC_BCFTOOLS_VCFTOOLS:VCFTOOLS_TSTV_COUNT > Skipping output binding because one or more optional files are missing: fileoutparam<24:1>
Aug-14 11:55:03.061 [TaskFinalizer-1] DEBUG nextflow.processor.TaskProcessor - Process NFCORE_SAREK:SAREK:VCF_QC_BCFTOOLS_VCFTOOLS:VCFTOOLS_TSTV_COUNT > Skipping output binding because one or more optional files are missing: fileoutparam<25:1>
Aug-14 11:55:03.061 [TaskFinalizer-1] DEBUG nextflow.processor.TaskProcessor - Process NFCORE_SAREK:SAREK:VCF_QC_BCFTOOLS_VCFTOOLS:VCFTOOLS_TSTV_COUNT > Skipping output binding because one or more optional files are missing: fileoutparam<26:1>
Aug-14 11:55:03.061 [TaskFinalizer-1] DEBUG nextflow.processor.TaskProcessor - Process NFCORE_SAREK:SAREK:VCF_QC_BCFTOOLS_VCFTOOLS:VCFTOOLS_TSTV_COUNT > Skipping output binding because one or more optional files are missing: fileoutparam<27:1>
Aug-14 11:55:03.061 [TaskFinalizer-1] DEBUG nextflow.processor.TaskProcessor - Process NFCORE_SAREK:SAREK:VCF_QC_BCFTOOLS_VCFTOOLS:VCFTOOLS_TSTV_COUNT > Skipping output binding because one or more optional files are missing: fileoutparam<28:1>
Aug-14 11:55:03.061 [TaskFinalizer-1] DEBUG nextflow.processor.TaskProcessor - Process NFCORE_SAREK:SAREK:VCF_QC_BCFTOOLS_VCFTOOLS:VCFTOOLS_TSTV_COUNT > Skipping output binding because one or more optional files are missing: fileoutparam<29:1>
Aug-14 11:55:03.061 [TaskFinalizer-1] DEBUG nextflow.processor.TaskProcessor - Process NFCORE_SAREK:SAREK:VCF_QC_BCFTOOLS_VCFTOOLS:VCFTOOLS_TSTV_COUNT > Skipping output binding because one or more optional files are missing: fileoutparam<30:1>
Aug-14 11:55:03.061 [TaskFinalizer-1] DEBUG nextflow.processor.TaskProcessor - Process NFCORE_SAREK:SAREK:VCF_QC_BCFTOOLS_VCFTOOLS:VCFTOOLS_TSTV_COUNT > Skipping output binding because one or more optional files are missing: fileoutparam<31:1>
Aug-14 11:55:03.061 [TaskFinalizer-1] DEBUG nextflow.processor.TaskProcessor - Process NFCORE_SAREK:SAREK:VCF_QC_BCFTOOLS_VCFTOOLS:VCFTOOLS_TSTV_COUNT > Skipping output binding because one or more optional files are missing: fileoutparam<32:1>
Aug-14 11:55:03.061 [TaskFinalizer-1] DEBUG nextflow.processor.TaskProcessor - Process NFCORE_SAREK:SAREK:VCF_QC_BCFTOOLS_VCFTOOLS:VCFTOOLS_TSTV_COUNT > Skipping output binding because one or more optional files are missing: fileoutparam<33:1>
Aug-14 11:55:03.061 [TaskFinalizer-1] DEBUG nextflow.processor.TaskProcessor - Process NFCORE_SAREK:SAREK:VCF_QC_BCFTOOLS_VCFTOOLS:VCFTOOLS_TSTV_COUNT > Skipping output binding because one or more optional files are missing: fileoutparam<34:1>
Aug-14 11:55:03.061 [TaskFinalizer-1] DEBUG nextflow.processor.TaskProcessor - Process NFCORE_SAREK:SAREK:VCF_QC_BCFTOOLS_VCFTOOLS:VCFTOOLS_TSTV_COUNT > Skipping output binding because one or more optional files are missing: fileoutparam<35:1>
Aug-14 11:55:03.061 [TaskFinalizer-1] DEBUG nextflow.processor.TaskProcessor - Process NFCORE_SAREK:SAREK:VCF_QC_BCFTOOLS_VCFTOOLS:VCFTOOLS_TSTV_COUNT > Skipping output binding because one or more optional files are missing: fileoutparam<36:1>
Aug-14 11:55:03.061 [TaskFinalizer-1] DEBUG nextflow.processor.TaskProcessor - Process NFCORE_SAREK:SAREK:VCF_QC_BCFTOOLS_VCFTOOLS:VCFTOOLS_TSTV_COUNT > Skipping output binding because one or more optional files are missing: fileoutparam<37:1>
Aug-14 11:55:03.061 [TaskFinalizer-1] DEBUG nextflow.processor.TaskProcessor - Process NFCORE_SAREK:SAREK:VCF_QC_BCFTOOLS_VCFTOOLS:VCFTOOLS_TSTV_COUNT > Skipping output binding because one or more optional files are missing: fileoutparam<38:1>
Aug-14 11:55:03.061 [TaskFinalizer-1] DEBUG nextflow.processor.TaskProcessor - Process NFCORE_SAREK:SAREK:VCF_QC_BCFTOOLS_VCFTOOLS:VCFTOOLS_TSTV_COUNT > Skipping output binding because one or more optional files are missing: fileoutparam<39:1>
Aug-14 11:55:03.061 [TaskFinalizer-1] DEBUG nextflow.processor.TaskProcessor - Process NFCORE_SAREK:SAREK:VCF_QC_BCFTOOLS_VCFTOOLS:VCFTOOLS_TSTV_COUNT > Skipping output binding because one or more optional files are missing: fileoutparam<40:1>
Aug-14 11:55:03.061 [TaskFinalizer-1] DEBUG nextflow.processor.TaskProcessor - Process NFCORE_SAREK:SAREK:VCF_QC_BCFTOOLS_VCFTOOLS:VCFTOOLS_TSTV_COUNT > Skipping output binding because one or more optional files are missing: fileoutparam<41:1>
Aug-14 11:55:03.062 [TaskFinalizer-1] DEBUG nextflow.processor.TaskProcessor - Process NFCORE_SAREK:SAREK:VCF_QC_BCFTOOLS_VCFTOOLS:VCFTOOLS_TSTV_COUNT > Skipping output binding because one or more optional files are missing: fileoutparam<42:1>
Aug-14 11:55:03.063 [TaskFinalizer-1] DEBUG nextflow.processor.TaskProcessor - Process NFCORE_SAREK:SAREK:VCF_QC_BCFTOOLS_VCFTOOLS:VCFTOOLS_TSTV_COUNT > Skipping output binding because one or more optional files are missing: fileoutparam<43:1>
Aug-14 11:55:03.063 [TaskFinalizer-1] DEBUG nextflow.processor.TaskProcessor - Process NFCORE_SAREK:SAREK:VCF_QC_BCFTOOLS_VCFTOOLS:VCFTOOLS_TSTV_COUNT > Skipping output binding because one or more optional files are missing: fileoutparam<44:1>
Aug-14 11:55:03.063 [TaskFinalizer-1] DEBUG nextflow.processor.TaskProcessor - Process NFCORE_SAREK:SAREK:VCF_QC_BCFTOOLS_VCFTOOLS:VCFTOOLS_TSTV_COUNT > Skipping output binding because one or more optional files are missing: fileoutparam<45:1>
Aug-14 11:55:03.063 [TaskFinalizer-1] DEBUG nextflow.processor.TaskProcessor - Process NFCORE_SAREK:SAREK:VCF_QC_BCFTOOLS_VCFTOOLS:VCFTOOLS_TSTV_COUNT > Skipping output binding because one or more optional files are missing: fileoutparam<46:1>
Aug-14 11:55:03.063 [TaskFinalizer-1] DEBUG nextflow.processor.TaskProcessor - Process NFCORE_SAREK:SAREK:VCF_QC_BCFTOOLS_VCFTOOLS:VCFTOOLS_TSTV_COUNT > Skipping output binding because one or more optional files are missing: fileoutparam<47:1>
Aug-14 11:55:03.063 [TaskFinalizer-1] DEBUG nextflow.processor.TaskProcessor - Process NFCORE_SAREK:SAREK:VCF_QC_BCFTOOLS_VCFTOOLS:VCFTOOLS_TSTV_COUNT > Skipping output binding because one or more optional files are missing: fileoutparam<48:1>
Aug-14 11:55:03.063 [TaskFinalizer-1] DEBUG nextflow.processor.TaskProcessor - Process NFCORE_SAREK:SAREK:VCF_QC_BCFTOOLS_VCFTOOLS:VCFTOOLS_TSTV_COUNT > Skipping output binding because one or more optional files are missing: fileoutparam<49:1>
Aug-14 11:55:03.063 [TaskFinalizer-1] DEBUG nextflow.processor.TaskProcessor - Process NFCORE_SAREK:SAREK:VCF_QC_BCFTOOLS_VCFTOOLS:VCFTOOLS_TSTV_COUNT > Skipping output binding because one or more optional files are missing: fileoutparam<50:1>
Aug-14 11:55:03.063 [TaskFinalizer-1] DEBUG nextflow.processor.TaskProcessor - Process NFCORE_SAREK:SAREK:VCF_QC_BCFTOOLS_VCFTOOLS:VCFTOOLS_TSTV_COUNT > Skipping output binding because one or more optional files are missing: fileoutparam<51:1>
Aug-14 11:55:03.063 [TaskFinalizer-1] DEBUG nextflow.processor.TaskProcessor - Process NFCORE_SAREK:SAREK:VCF_QC_BCFTOOLS_VCFTOOLS:VCFTOOLS_TSTV_COUNT > Skipping output binding because one or more optional files are missing: fileoutparam<52:1>
Aug-14 11:55:03.063 [TaskFinalizer-1] DEBUG nextflow.processor.TaskProcessor - Process NFCORE_SAREK:SAREK:VCF_QC_BCFTOOLS_VCFTOOLS:VCFTOOLS_TSTV_COUNT > Skipping output binding because one or more optional files are missing: fileoutparam<53:1>
Aug-14 11:55:03.063 [TaskFinalizer-1] DEBUG nextflow.processor.TaskProcessor - Process NFCORE_SAREK:SAREK:VCF_QC_BCFTOOLS_VCFTOOLS:VCFTOOLS_TSTV_COUNT > Skipping output binding because one or more optional files are missing: fileoutparam<54:1>
Aug-14 11:55:03.063 [TaskFinalizer-1] DEBUG nextflow.processor.TaskProcessor - Process NFCORE_SAREK:SAREK:VCF_QC_BCFTOOLS_VCFTOOLS:VCFTOOLS_TSTV_COUNT > Skipping output binding because one or more optional files are missing: fileoutparam<55:1>
Aug-14 11:55:03.063 [TaskFinalizer-1] DEBUG nextflow.processor.TaskProcessor - Process NFCORE_SAREK:SAREK:VCF_QC_BCFTOOLS_VCFTOOLS:VCFTOOLS_TSTV_COUNT > Skipping output binding because one or more optional files are missing: fileoutparam<56:1>
Aug-14 11:55:03.063 [TaskFinalizer-1] DEBUG nextflow.processor.TaskProcessor - Process NFCORE_SAREK:SAREK:VCF_QC_BCFTOOLS_VCFTOOLS:VCFTOOLS_TSTV_COUNT > Skipping output binding because one or more optional files are missing: fileoutparam<57:1>
Aug-14 11:55:03.063 [TaskFinalizer-1] DEBUG nextflow.processor.TaskProcessor - Process NFCORE_SAREK:SAREK:VCF_QC_BCFTOOLS_VCFTOOLS:VCFTOOLS_TSTV_COUNT > Skipping output binding because one or more optional files are missing: fileoutparam<58:1>
Aug-14 11:55:03.063 [TaskFinalizer-1] DEBUG nextflow.processor.TaskProcessor - Process NFCORE_SAREK:SAREK:VCF_QC_BCFTOOLS_VCFTOOLS:VCFTOOLS_TSTV_COUNT > Skipping output binding because one or more optional files are missing: fileoutparam<59:1>
Aug-14 11:55:03.063 [TaskFinalizer-1] DEBUG nextflow.processor.TaskProcessor - Process NFCORE_SAREK:SAREK:VCF_QC_BCFTOOLS_VCFTOOLS:VCFTOOLS_TSTV_COUNT > Skipping output binding because one or more optional files are missing: fileoutparam<60:1>
Aug-14 11:55:03.063 [TaskFinalizer-1] DEBUG nextflow.processor.TaskProcessor - Process NFCORE_SAREK:SAREK:VCF_QC_BCFTOOLS_VCFTOOLS:VCFTOOLS_TSTV_COUNT > Skipping output binding because one or more optional files are missing: fileoutparam<61:1>
Aug-14 11:55:03.086 [Task monitor] DEBUG n.processor.TaskPollingMonitor - Task completed > TaskHandler[id: 26; name: NFCORE_SAREK:SAREK:VCF_QC_BCFTOOLS_VCFTOOLS:VCFTOOLS_SUMMARY (test); status: COMPLETED; exit: 0; error: -; workDir: /Users/stav/repos/nf-tui/work/32/ad9c9d8d7a94cf84e0b293df575a22]
Aug-14 11:55:03.103 [TaskFinalizer-2] DEBUG nextflow.processor.TaskProcessor - Process NFCORE_SAREK:SAREK:VCF_QC_BCFTOOLS_VCFTOOLS:VCFTOOLS_SUMMARY > Skipping output binding because one or more optional files are missing: fileoutparam<0:1>
Aug-14 11:55:03.103 [TaskFinalizer-2] DEBUG nextflow.processor.TaskProcessor - Process NFCORE_SAREK:SAREK:VCF_QC_BCFTOOLS_VCFTOOLS:VCFTOOLS_SUMMARY > Skipping output binding because one or more optional files are missing: fileoutparam<1:1>
Aug-14 11:55:03.103 [TaskFinalizer-2] DEBUG nextflow.processor.TaskProcessor - Process NFCORE_SAREK:SAREK:VCF_QC_BCFTOOLS_VCFTOOLS:VCFTOOLS_SUMMARY > Skipping output binding because one or more optional files are missing: fileoutparam<2:1>
Aug-14 11:55:03.103 [TaskFinalizer-2] DEBUG nextflow.processor.TaskProcessor - Process NFCORE_SAREK:SAREK:VCF_QC_BCFTOOLS_VCFTOOLS:VCFTOOLS_SUMMARY > Skipping output binding because one or more optional files are missing: fileoutparam<3:1>
Aug-14 11:55:03.103 [TaskFinalizer-2] DEBUG nextflow.processor.TaskProcessor - Process NFCORE_SAREK:SAREK:VCF_QC_BCFTOOLS_VCFTOOLS:VCFTOOLS_SUMMARY > Skipping output binding because one or more optional files are missing: fileoutparam<4:1>
Aug-14 11:55:03.103 [TaskFinalizer-2] DEBUG nextflow.processor.TaskProcessor - Process NFCORE_SAREK:SAREK:VCF_QC_BCFTOOLS_VCFTOOLS:VCFTOOLS_SUMMARY > Skipping output binding because one or more optional files are missing: fileoutparam<5:1>
Aug-14 11:55:03.103 [TaskFinalizer-2] DEBUG nextflow.processor.TaskProcessor - Process NFCORE_SAREK:SAREK:VCF_QC_BCFTOOLS_VCFTOOLS:VCFTOOLS_SUMMARY > Skipping output binding because one or more optional files are missing: fileoutparam<6:1>
Aug-14 11:55:03.103 [TaskFinalizer-2] DEBUG nextflow.processor.TaskProcessor - Process NFCORE_SAREK:SAREK:VCF_QC_BCFTOOLS_VCFTOOLS:VCFTOOLS_SUMMARY > Skipping output binding because one or more optional files are missing: fileoutparam<7:1>
Aug-14 11:55:03.103 [TaskFinalizer-2] DEBUG nextflow.processor.TaskProcessor - Process NFCORE_SAREK:SAREK:VCF_QC_BCFTOOLS_VCFTOOLS:VCFTOOLS_SUMMARY > Skipping output binding because one or more optional files are missing: fileoutparam<8:1>
Aug-14 11:55:03.103 [TaskFinalizer-2] DEBUG nextflow.processor.TaskProcessor - Process NFCORE_SAREK:SAREK:VCF_QC_BCFTOOLS_VCFTOOLS:VCFTOOLS_SUMMARY > Skipping output binding because one or more optional files are missing: fileoutparam<9:1>
Aug-14 11:55:03.103 [TaskFinalizer-2] DEBUG nextflow.processor.TaskProcessor - Process NFCORE_SAREK:SAREK:VCF_QC_BCFTOOLS_VCFTOOLS:VCFTOOLS_SUMMARY > Skipping output binding because one or more optional files are missing: fileoutparam<10:1>
Aug-14 11:55:03.103 [TaskFinalizer-2] DEBUG nextflow.processor.TaskProcessor - Process NFCORE_SAREK:SAREK:VCF_QC_BCFTOOLS_VCFTOOLS:VCFTOOLS_SUMMARY > Skipping output binding because one or more optional files are missing: fileoutparam<11:1>
Aug-14 11:55:03.103 [TaskFinalizer-2] DEBUG nextflow.processor.TaskProcessor - Process NFCORE_SAREK:SAREK:VCF_QC_BCFTOOLS_VCFTOOLS:VCFTOOLS_SUMMARY > Skipping output binding because one or more optional files are missing: fileoutparam<12:1>
Aug-14 11:55:03.103 [TaskFinalizer-2] DEBUG nextflow.processor.TaskProcessor - Process NFCORE_SAREK:SAREK:VCF_QC_BCFTOOLS_VCFTOOLS:VCFTOOLS_SUMMARY > Skipping output binding because one or more optional files are missing: fileoutparam<13:1>
Aug-14 11:55:03.103 [TaskFinalizer-2] DEBUG nextflow.processor.TaskProcessor - Process NFCORE_SAREK:SAREK:VCF_QC_BCFTOOLS_VCFTOOLS:VCFTOOLS_SUMMARY > Skipping output binding because one or more optional files are missing: fileoutparam<14:1>
Aug-14 11:55:03.103 [TaskFinalizer-2] DEBUG nextflow.processor.TaskProcessor - Process NFCORE_SAREK:SAREK:VCF_QC_BCFTOOLS_VCFTOOLS:VCFTOOLS_SUMMARY > Skipping output binding because one or more optional files are missing: fileoutparam<15:1>
Aug-14 11:55:03.103 [TaskFinalizer-2] DEBUG nextflow.processor.TaskProcessor - Process NFCORE_SAREK:SAREK:VCF_QC_BCFTOOLS_VCFTOOLS:VCFTOOLS_SUMMARY > Skipping output binding because one or more optional files are missing: fileoutparam<16:1>
Aug-14 11:55:03.103 [TaskFinalizer-2] DEBUG nextflow.processor.TaskProcessor - Process NFCORE_SAREK:SAREK:VCF_QC_BCFTOOLS_VCFTOOLS:VCFTOOLS_SUMMARY > Skipping output binding because one or more optional files are missing: fileoutparam<17:1>
Aug-14 11:55:03.103 [TaskFinalizer-2] DEBUG nextflow.processor.TaskProcessor - Process NFCORE_SAREK:SAREK:VCF_QC_BCFTOOLS_VCFTOOLS:VCFTOOLS_SUMMARY > Skipping output binding because one or more optional files are missing: fileoutparam<18:1>
Aug-14 11:55:03.104 [TaskFinalizer-2] DEBUG nextflow.processor.TaskProcessor - Process NFCORE_SAREK:SAREK:VCF_QC_BCFTOOLS_VCFTOOLS:VCFTOOLS_SUMMARY > Skipping output binding because one or more optional files are missing: fileoutparam<20:1>
Aug-14 11:55:03.104 [TaskFinalizer-2] DEBUG nextflow.processor.TaskProcessor - Process NFCORE_SAREK:SAREK:VCF_QC_BCFTOOLS_VCFTOOLS:VCFTOOLS_SUMMARY > Skipping output binding because one or more optional files are missing: fileoutparam<21:1>
Aug-14 11:55:03.104 [TaskFinalizer-2] DEBUG nextflow.processor.TaskProcessor - Process NFCORE_SAREK:SAREK:VCF_QC_BCFTOOLS_VCFTOOLS:VCFTOOLS_SUMMARY > Skipping output binding because one or more optional files are missing: fileoutparam<22:1>
Aug-14 11:55:03.104 [TaskFinalizer-2] DEBUG nextflow.processor.TaskProcessor - Process NFCORE_SAREK:SAREK:VCF_QC_BCFTOOLS_VCFTOOLS:VCFTOOLS_SUMMARY > Skipping output binding because one or more optional files are missing: fileoutparam<23:1>
Aug-14 11:55:03.104 [TaskFinalizer-2] DEBUG nextflow.processor.TaskProcessor - Process NFCORE_SAREK:SAREK:VCF_QC_BCFTOOLS_VCFTOOLS:VCFTOOLS_SUMMARY > Skipping output binding because one or more optional files are missing: fileoutparam<24:1>
Aug-14 11:55:03.104 [TaskFinalizer-2] DEBUG nextflow.processor.TaskProcessor - Process NFCORE_SAREK:SAREK:VCF_QC_BCFTOOLS_VCFTOOLS:VCFTOOLS_SUMMARY > Skipping output binding because one or more optional files are missing: fileoutparam<25:1>
Aug-14 11:55:03.104 [TaskFinalizer-2] DEBUG nextflow.processor.TaskProcessor - Process NFCORE_SAREK:SAREK:VCF_QC_BCFTOOLS_VCFTOOLS:VCFTOOLS_SUMMARY > Skipping output binding because one or more optional files are missing: fileoutparam<26:1>
Aug-14 11:55:03.104 [TaskFinalizer-2] DEBUG nextflow.processor.TaskProcessor - Process NFCORE_SAREK:SAREK:VCF_QC_BCFTOOLS_VCFTOOLS:VCFTOOLS_SUMMARY > Skipping output binding because one or more optional files are missing: fileoutparam<27:1>
Aug-14 11:55:03.104 [TaskFinalizer-2] DEBUG nextflow.processor.TaskProcessor - Process NFCORE_SAREK:SAREK:VCF_QC_BCFTOOLS_VCFTOOLS:VCFTOOLS_SUMMARY > Skipping output binding because one or more optional files are missing: fileoutparam<28:1>
Aug-14 11:55:03.104 [TaskFinalizer-2] DEBUG nextflow.processor.TaskProcessor - Process NFCORE_SAREK:SAREK:VCF_QC_BCFTOOLS_VCFTOOLS:VCFTOOLS_SUMMARY > Skipping output binding because one or more optional files are missing: fileoutparam<29:1>
Aug-14 11:55:03.104 [TaskFinalizer-2] DEBUG nextflow.processor.TaskProcessor - Process NFCORE_SAREK:SAREK:VCF_QC_BCFTOOLS_VCFTOOLS:VCFTOOLS_SUMMARY > Skipping output binding because one or more optional files are missing: fileoutparam<30:1>
Aug-14 11:55:03.104 [TaskFinalizer-2] DEBUG nextflow.processor.TaskProcessor - Process NFCORE_SAREK:SAREK:VCF_QC_BCFTOOLS_VCFTOOLS:VCFTOOLS_SUMMARY > Skipping output binding because one or more optional files are missing: fileoutparam<31:1>
Aug-14 11:55:03.104 [TaskFinalizer-2] DEBUG nextflow.processor.TaskProcessor - Process NFCORE_SAREK:SAREK:VCF_QC_BCFTOOLS_VCFTOOLS:VCFTOOLS_SUMMARY > Skipping output binding because one or more optional files are missing: fileoutparam<32:1>
Aug-14 11:55:03.104 [TaskFinalizer-2] DEBUG nextflow.processor.TaskProcessor - Process NFCORE_SAREK:SAREK:VCF_QC_BCFTOOLS_VCFTOOLS:VCFTOOLS_SUMMARY > Skipping output binding because one or more optional files are missing: fileoutparam<33:1>
Aug-14 11:55:03.104 [TaskFinalizer-2] DEBUG nextflow.processor.TaskProcessor - Process NFCORE_SAREK:SAREK:VCF_QC_BCFTOOLS_VCFTOOLS:VCFTOOLS_SUMMARY > Skipping output binding because one or more optional files are missing: fileoutparam<34:1>
Aug-14 11:55:03.104 [TaskFinalizer-2] DEBUG nextflow.processor.TaskProcessor - Process NFCORE_SAREK:SAREK:VCF_QC_BCFTOOLS_VCFTOOLS:VCFTOOLS_SUMMARY > Skipping output binding because one or more optional files are missing: fileoutparam<35:1>
Aug-14 11:55:03.104 [TaskFinalizer-2] DEBUG nextflow.processor.TaskProcessor - Process NFCORE_SAREK:SAREK:VCF_QC_BCFTOOLS_VCFTOOLS:VCFTOOLS_SUMMARY > Skipping output binding because one or more optional files are missing: fileoutparam<36:1>
Aug-14 11:55:03.104 [TaskFinalizer-2] DEBUG nextflow.processor.TaskProcessor - Process NFCORE_SAREK:SAREK:VCF_QC_BCFTOOLS_VCFTOOLS:VCFTOOLS_SUMMARY > Skipping output binding because one or more optional files are missing: fileoutparam<37:1>
Aug-14 11:55:03.104 [TaskFinalizer-2] DEBUG nextflow.processor.TaskProcessor - Process NFCORE_SAREK:SAREK:VCF_QC_BCFTOOLS_VCFTOOLS:VCFTOOLS_SUMMARY > Skipping output binding because one or more optional files are missing: fileoutparam<38:1>
Aug-14 11:55:03.104 [TaskFinalizer-2] DEBUG nextflow.processor.TaskProcessor - Process NFCORE_SAREK:SAREK:VCF_QC_BCFTOOLS_VCFTOOLS:VCFTOOLS_SUMMARY > Skipping output binding because one or more optional files are missing: fileoutparam<39:1>
Aug-14 11:55:03.104 [TaskFinalizer-2] DEBUG nextflow.processor.TaskProcessor - Process NFCORE_SAREK:SAREK:VCF_QC_BCFTOOLS_VCFTOOLS:VCFTOOLS_SUMMARY > Skipping output binding because one or more optional files are missing: fileoutparam<40:1>
Aug-14 11:55:03.104 [TaskFinalizer-2] DEBUG nextflow.processor.TaskProcessor - Process NFCORE_SAREK:SAREK:VCF_QC_BCFTOOLS_VCFTOOLS:VCFTOOLS_SUMMARY > Skipping output binding because one or more optional files are missing: fileoutparam<41:1>
Aug-14 11:55:03.104 [TaskFinalizer-2] DEBUG nextflow.processor.TaskProcessor - Process NFCORE_SAREK:SAREK:VCF_QC_BCFTOOLS_VCFTOOLS:VCFTOOLS_SUMMARY > Skipping output binding because one or more optional files are missing: fileoutparam<42:1>
Aug-14 11:55:03.104 [TaskFinalizer-2] DEBUG nextflow.processor.TaskProcessor - Process NFCORE_SAREK:SAREK:VCF_QC_BCFTOOLS_VCFTOOLS:VCFTOOLS_SUMMARY > Skipping output binding because one or more optional files are missing: fileoutparam<43:1>
Aug-14 11:55:03.104 [TaskFinalizer-2] DEBUG nextflow.processor.TaskProcessor - Process NFCORE_SAREK:SAREK:VCF_QC_BCFTOOLS_VCFTOOLS:VCFTOOLS_SUMMARY > Skipping output binding because one or more optional files are missing: fileoutparam<44:1>
Aug-14 11:55:03.104 [TaskFinalizer-2] DEBUG nextflow.processor.TaskProcessor - Process NFCORE_SAREK:SAREK:VCF_QC_BCFTOOLS_VCFTOOLS:VCFTOOLS_SUMMARY > Skipping output binding because one or more optional files are missing: fileoutparam<45:1>
Aug-14 11:55:03.104 [TaskFinalizer-2] DEBUG nextflow.processor.TaskProcessor - Process NFCORE_SAREK:SAREK:VCF_QC_BCFTOOLS_VCFTOOLS:VCFTOOLS_SUMMARY > Skipping output binding because one or more optional files are missing: fileoutparam<46:1>
Aug-14 11:55:03.104 [TaskFinalizer-2] DEBUG nextflow.processor.TaskProcessor - Process NFCORE_SAREK:SAREK:VCF_QC_BCFTOOLS_VCFTOOLS:VCFTOOLS_SUMMARY > Skipping output binding because one or more optional files are missing: fileoutparam<47:1>
Aug-14 11:55:03.104 [TaskFinalizer-2] DEBUG nextflow.processor.TaskProcessor - Process NFCORE_SAREK:SAREK:VCF_QC_BCFTOOLS_VCFTOOLS:VCFTOOLS_SUMMARY > Skipping output binding because one or more optional files are missing: fileoutparam<48:1>
Aug-14 11:55:03.104 [TaskFinalizer-2] DEBUG nextflow.processor.TaskProcessor - Process NFCORE_SAREK:SAREK:VCF_QC_BCFTOOLS_VCFTOOLS:VCFTOOLS_SUMMARY > Skipping output binding because one or more optional files are missing: fileoutparam<49:1>
Aug-14 11:55:03.104 [TaskFinalizer-2] DEBUG nextflow.processor.TaskProcessor - Process NFCORE_SAREK:SAREK:VCF_QC_BCFTOOLS_VCFTOOLS:VCFTOOLS_SUMMARY > Skipping output binding because one or more optional files are missing: fileoutparam<50:1>
Aug-14 11:55:03.104 [TaskFinalizer-2] DEBUG nextflow.processor.TaskProcessor - Process NFCORE_SAREK:SAREK:VCF_QC_BCFTOOLS_VCFTOOLS:VCFTOOLS_SUMMARY > Skipping output binding because one or more optional files are missing: fileoutparam<51:1>
Aug-14 11:55:03.104 [TaskFinalizer-2] DEBUG nextflow.processor.TaskProcessor - Process NFCORE_SAREK:SAREK:VCF_QC_BCFTOOLS_VCFTOOLS:VCFTOOLS_SUMMARY > Skipping output binding because one or more optional files are missing: fileoutparam<52:1>
Aug-14 11:55:03.104 [TaskFinalizer-2] DEBUG nextflow.processor.TaskProcessor - Process NFCORE_SAREK:SAREK:VCF_QC_BCFTOOLS_VCFTOOLS:VCFTOOLS_SUMMARY > Skipping output binding because one or more optional files are missing: fileoutparam<53:1>
Aug-14 11:55:03.104 [TaskFinalizer-2] DEBUG nextflow.processor.TaskProcessor - Process NFCORE_SAREK:SAREK:VCF_QC_BCFTOOLS_VCFTOOLS:VCFTOOLS_SUMMARY > Skipping output binding because one or more optional files are missing: fileoutparam<54:1>
Aug-14 11:55:03.104 [TaskFinalizer-2] DEBUG nextflow.processor.TaskProcessor - Process NFCORE_SAREK:SAREK:VCF_QC_BCFTOOLS_VCFTOOLS:VCFTOOLS_SUMMARY > Skipping output binding because one or more optional files are missing: fileoutparam<55:1>
Aug-14 11:55:03.104 [TaskFinalizer-2] DEBUG nextflow.processor.TaskProcessor - Process NFCORE_SAREK:SAREK:VCF_QC_BCFTOOLS_VCFTOOLS:VCFTOOLS_SUMMARY > Skipping output binding because one or more optional files are missing: fileoutparam<56:1>
Aug-14 11:55:03.104 [TaskFinalizer-2] DEBUG nextflow.processor.TaskProcessor - Process NFCORE_SAREK:SAREK:VCF_QC_BCFTOOLS_VCFTOOLS:VCFTOOLS_SUMMARY > Skipping output binding because one or more optional files are missing: fileoutparam<57:1>
Aug-14 11:55:03.104 [TaskFinalizer-2] DEBUG nextflow.processor.TaskProcessor - Process NFCORE_SAREK:SAREK:VCF_QC_BCFTOOLS_VCFTOOLS:VCFTOOLS_SUMMARY > Skipping output binding because one or more optional files are missing: fileoutparam<58:1>
Aug-14 11:55:03.104 [TaskFinalizer-2] DEBUG nextflow.processor.TaskProcessor - Process NFCORE_SAREK:SAREK:VCF_QC_BCFTOOLS_VCFTOOLS:VCFTOOLS_SUMMARY > Skipping output binding because one or more optional files are missing: fileoutparam<59:1>
Aug-14 11:55:03.104 [TaskFinalizer-2] DEBUG nextflow.processor.TaskProcessor - Process NFCORE_SAREK:SAREK:VCF_QC_BCFTOOLS_VCFTOOLS:VCFTOOLS_SUMMARY > Skipping output binding because one or more optional files are missing: fileoutparam<60:1>
Aug-14 11:55:03.104 [TaskFinalizer-2] DEBUG nextflow.processor.TaskProcessor - Process NFCORE_SAREK:SAREK:VCF_QC_BCFTOOLS_VCFTOOLS:VCFTOOLS_SUMMARY > Skipping output binding because one or more optional files are missing: fileoutparam<61:1>
Aug-14 11:55:03.123 [Actor Thread 117] DEBUG nextflow.sort.BigSort - Sort completed -- entries: 1; slices: 1; internal sort time: 0.0 s; external sort time: 0.0 s; total time: 0.0 s
Aug-14 11:55:03.123 [Actor Thread 117] DEBUG nextflow.file.FileCollector - Saved collect-files list to: /Users/stav/repos/nf-tui/work/collect-file/a3f0afe7e04fc933e314f8a53ee90bae
Aug-14 11:55:03.124 [Actor Thread 117] DEBUG nextflow.file.FileCollector - Deleting file collector temp dir: /var/folders/83/rqjkw_4j5wlf9w5j81fyfy5h0000gn/T/nxf-3131963821118818489
Aug-14 11:55:03.130 [Actor Thread 108] DEBUG nextflow.util.HashBuilder - Hash asset file sha-256: /Users/stav/.nextflow/assets/.repos/nf-core/sarek/clones/b97952e5bac68d5deb93d4a3349a45f146be9830/assets/multiqc_config.yml
Aug-14 11:55:03.137 [Task submitter] DEBUG n.executor.local.LocalTaskHandler - Launch cmd line: /bin/bash -ue .command.run
Aug-14 11:55:03.137 [Task submitter] INFO  nextflow.Session - [2e/3330dc] Submitted process > NFCORE_SAREK:SAREK:MULTIQC (sarek)
Aug-14 11:55:06.874 [Task monitor] DEBUG n.processor.TaskPollingMonitor - Task completed > TaskHandler[id: 30; name: NFCORE_SAREK:SAREK:MULTIQC (sarek); status: COMPLETED; exit: 139; error: -; workDir: /Users/stav/repos/nf-tui/work/2e/3330dc0be720e3cedeb1c1b1454198]
Aug-14 11:55:06.877 [TaskFinalizer-3] DEBUG nextflow.processor.TaskProcessor - Handling unexpected condition for
  task: name=NFCORE_SAREK:SAREK:MULTIQC (sarek); work-dir=/Users/stav/repos/nf-tui/work/2e/3330dc0be720e3cedeb1c1b1454198
  error [nextflow.exception.ProcessFailedException]: Process `NFCORE_SAREK:SAREK:MULTIQC (sarek)` terminated with an error exit status (139)
Aug-14 11:55:06.883 [TaskFinalizer-3] INFO  nextflow.processor.TaskProcessor - [2e/3330dc] NOTE: Process `NFCORE_SAREK:SAREK:MULTIQC (sarek)` terminated with an error exit status (139) -- Execution is retried (1)
Aug-14 11:55:06.888 [Task submitter] DEBUG n.executor.local.LocalTaskHandler - Launch cmd line: /bin/bash -ue .command.run
Aug-14 11:55:06.888 [Task submitter] INFO  nextflow.Session - [b2/7f1e3d] Re-submitted process > NFCORE_SAREK:SAREK:MULTIQC (sarek)
Aug-14 11:55:10.589 [Task monitor] DEBUG n.processor.TaskPollingMonitor - Task completed > TaskHandler[id: 31; name: NFCORE_SAREK:SAREK:MULTIQC (sarek); status: COMPLETED; exit: 139; error: -; workDir: /Users/stav/repos/nf-tui/work/b2/7f1e3d259f19120aa332eead4ac10a]
Aug-14 11:55:10.591 [TaskFinalizer-4] DEBUG nextflow.processor.TaskProcessor - Handling unexpected condition for
  task: name=NFCORE_SAREK:SAREK:MULTIQC (sarek); work-dir=/Users/stav/repos/nf-tui/work/b2/7f1e3d259f19120aa332eead4ac10a
  error [nextflow.exception.ProcessFailedException]: Process `NFCORE_SAREK:SAREK:MULTIQC (sarek)` terminated with an error exit status (139)
Aug-14 11:55:10.596 [TaskFinalizer-4] ERROR nextflow.processor.TaskProcessor - Error executing process > 'NFCORE_SAREK:SAREK:MULTIQC (sarek)'

Caused by:
  Process `NFCORE_SAREK:SAREK:MULTIQC (sarek)` terminated with an error exit status (139)


Command executed:

  multiqc \
      --force \
       \
      --config 1/multiqc_config.yml \
       \
       \
       \
       \
      .

Command exit status:
  139

Command output:
  (empty)

Command error:
  WARNING: The requested image's platform (linux/amd64) does not match the detected host platform (linux/arm64/v8) and no specific platform was requested
  
  /// MultiQC v1.35
  
              config | Loading config settings from: 1/multiqc_config.yml
              config | Config 'custom_logo' path not found, skipping (nf-core-sarek_logo_light.png)
         file_search | Search path: /Users/stav/repos/nf-tui/work/b2/7f1e3d259f19120aa332eead4ac10a
         file_search | Only using modules: custom_content, fastqc, fastp, bbmap, picard, samtools, mosdepth, gatk, bcftools, vcftools, snpeff, vep
      custom_content | nf-core-sarek-methods-description: Found 1 sample (html)
      custom_content | nf-core-sarek-summary: Found 1 sample (html)
              fastqc | Found 4 reports
  .command.sh: line 10:    33 Segmentation fault      multiqc --force --config 1/multiqc_config.yml .

Work dir:
  /Users/stav/repos/nf-tui/work/b2/7f1e3d259f19120aa332eead4ac10a

Container:
  community.wave.seqera.io/library/multiqc:1.35--839587b417d23042

Tip: you can try to figure out what's wrong by changing to the process work dir and showing the script file named `.command.sh`
Aug-14 11:55:10.597 [main] DEBUG nextflow.Session - Session await > all processes finished
Aug-14 11:55:10.598 [TaskFinalizer-4] DEBUG nextflow.Session - Session aborted -- Cause: Process `NFCORE_SAREK:SAREK:MULTIQC (sarek)` terminated with an error exit status (139)
Aug-14 11:55:10.623 [TaskFinalizer-4] INFO  nextflow.Nextflow - -[0;35m[nf-core/sarek][0;31m Pipeline completed with errors[0m-
Aug-14 11:55:10.626 [TaskFinalizer-4] DEBUG n.trace.WorkflowStatsObserver - Workflow completed > WorkflowStats[succeededCount=22; failedCount=2; ignoredCount=0; cachedCount=0; pendingCount=0; submittedCount=0; runningCount=0; retriesCount=1; abortedCount=0; succeedDuration=6m 21s; failedDuration=29.2s; cachedDuration=0ms;loadCpus=0; loadMemory=0; peakRunning=4; peakCpus=10; peakMemory=20 GB; ]
Aug-14 11:55:10.694 [Task monitor] DEBUG n.processor.TaskPollingMonitor - <<< barrier arrives (monitor: local) - terminating tasks monitor poll loop
Aug-14 11:55:10.694 [main] DEBUG nextflow.Session - Session await > all barriers passed
Aug-14 11:55:10.694 [main] DEBUG n.trace.WorkflowStatsObserver - Workflow completed > WorkflowStats[succeededCount=22; failedCount=2; ignoredCount=0; cachedCount=0; pendingCount=0; submittedCount=0; runningCount=0; retriesCount=1; abortedCount=0; succeedDuration=6m 21s; failedDuration=29.2s; cachedDuration=0ms;loadCpus=0; loadMemory=0; peakRunning=4; peakCpus=10; peakMemory=20 GB; ]
Aug-14 11:55:10.694 [TaskFinalizer-4] DEBUG nextflow.Session - null
java.lang.InterruptedException
	at java.base/java.lang.Object.wait0(Native Method)
	at java.base/java.lang.Object.wait(Object.java:391)
	at java.base/java.lang.Thread.join(Thread.java:1914)
	at java.base/java.lang.Thread.join(Thread.java:1990)
	at nextflow.trace.AnsiLogObserver.onFlowComplete(AnsiLogObserver.groovy:559)
	at nextflow.Session$_notifyFlowComplete_lambda38.doCall(Session.groovy:1093)
	at nextflow.Session.notifyEvent(Session.groovy:1123)
	at nextflow.Session.notifyFlowComplete(Session.groovy:1093)
	at nextflow.Session.shutdown0(Session.groovy:775)
	at nextflow.Session.abort(Session.groovy:830)
	at nextflow.Session.fault(Session.groovy:792)
	at nextflow.processor.TaskPollingMonitor.finalizeTask(TaskPollingMonitor.groovy:753)
	at nextflow.processor.TaskPollingMonitor.safeFinalizeTask(TaskPollingMonitor.groovy:736)
	at java.base/jdk.internal.reflect.DirectMethodHandleAccessor.invoke(DirectMethodHandleAccessor.java:104)
	at java.base/java.lang.reflect.Method.invoke(Method.java:565)
	at org.codehaus.groovy.reflection.CachedMethod.invoke(CachedMethod.java:343)
	at groovy.lang.MetaMethod.doMethodInvoke(MetaMethod.java:328)
	at groovy.lang.MetaClassImpl.doInvokeMethod(MetaClassImpl.java:1341)
	at groovy.lang.MetaClassImpl.invokeMethod(MetaClassImpl.java:1096)
	at groovy.lang.MetaClassImpl.invokeMethod(MetaClassImpl.java:1009)
	at org.codehaus.groovy.runtime.InvokerHelper.invokePogoMethod(InvokerHelper.java:645)
	at org.codehaus.groovy.runtime.InvokerHelper.invokeMethod(InvokerHelper.java:628)
	at org.codehaus.groovy.runtime.InvokerHelper.invokeMethodSafe(InvokerHelper.java:82)
	at nextflow.processor.TaskPollingMonitor$_checkTaskStatus_lambda8.doCall(TaskPollingMonitor.groovy:726)
	at java.base/java.util.concurrent.Executors$RunnableAdapter.call(Executors.java:545)
	at java.base/java.util.concurrent.FutureTask.run(FutureTask.java:330)
	at java.base/java.util.concurrent.ThreadPoolExecutor.runWorker(ThreadPoolExecutor.java:1090)
	at java.base/java.util.concurrent.ThreadPoolExecutor$Worker.run(ThreadPoolExecutor.java:614)
	at java.base/java.lang.Thread.run(Thread.java:1516)
Aug-14 11:55:10.743 [TaskFinalizer-4] DEBUG nextflow.trace.ReportObserver - Workflow completed -- rendering execution report
Aug-14 11:55:10.840 [main] DEBUG nextflow.trace.ReportObserver - Workflow completed -- rendering execution report
Aug-14 11:55:11.170 [TaskFinalizer-4] DEBUG nextflow.trace.TimelineObserver - Workflow completed -- rendering execution timeline
Aug-14 11:55:11.240 [TaskFinalizer-4] DEBUG nextflow.trace.TraceFileObserver - Workflow completed -- saving trace file
Aug-14 11:55:11.241 [main] WARN  nextflow.trace.ReportObserver - Failed to render execution report -- see the log file for details
nextflow.exception.AbortOperationException: Report file already exists: out/pipeline_info/execution_report_2026-08-14_11-52-42.html -- enable the 'report.overwrite' option in your config file to overwrite existing files
	at nextflow.trace.TraceHelper.newFileWriter(TraceHelper.groovy:66)
	at nextflow.trace.ReportObserver.renderHtml(ReportObserver.groovy:243)
	at nextflow.trace.ReportObserver.onFlowComplete(ReportObserver.groovy:129)
	at nextflow.Session$_notifyFlowComplete_lambda38.doCall(Session.groovy:1093)
	at nextflow.Session.notifyEvent(Session.groovy:1123)
	at nextflow.Session.notifyFlowComplete(Session.groovy:1093)
	at nextflow.Session.shutdown0(Session.groovy:775)
	at nextflow.Session.destroy(Session.groovy:720)
	at nextflow.script.ScriptRunner.shutdown(ScriptRunner.groovy:244)
	at nextflow.script.ScriptRunner.execute(ScriptRunner.groovy:136)
	at nextflow.cli.CmdRun.run(CmdRun.groovy:442)
	at nextflow.cli.Launcher.run(Launcher.groovy:526)
	at nextflow.cli.Launcher.main(Launcher.groovy:686)
Caused by: java.nio.file.FileAlreadyExistsException: out/pipeline_info/execution_report_2026-08-14_11-52-42.html
	at java.base/sun.nio.fs.UnixException.translateToIOException(UnixException.java:94)
	at java.base/sun.nio.fs.UnixException.rethrowAsIOException(UnixException.java:108)
	at java.base/sun.nio.fs.UnixException.rethrowAsIOException(UnixException.java:113)
	at java.base/sun.nio.fs.UnixFileSystemProvider.newFileChannel(UnixFileSystemProvider.java:214)
	at java.base/sun.nio.fs.UnixFileSystemProvider.newByteChannel(UnixFileSystemProvider.java:245)
	at java.base/java.nio.file.spi.FileSystemProvider.newOutputStream(FileSystemProvider.java:426)
	at java.base/java.nio.file.Files.newOutputStream(Files.java:215)
	at java.base/java.nio.file.Files.newBufferedWriter(Files.java:2729)
	at nextflow.trace.TraceHelper.newFileWriter(TraceHelper.groovy:63)
	... 12 common frames omitted
Aug-14 11:55:11.241 [main] DEBUG nextflow.trace.TimelineObserver - Workflow completed -- rendering execution timeline
Aug-14 11:55:11.243 [TaskFinalizer-4] ERROR nextflow.Nextflow - Pipeline failed. Please refer to troubleshooting docs: https://nf-co.re/docs/usage/troubleshooting
Aug-14 11:55:11.290 [main] WARN  nextflow.trace.TimelineObserver - Failed to render execution timeline -- see the log file for details
nextflow.exception.AbortOperationException: Timeline file already exists: out/pipeline_info/execution_timeline_2026-08-14_11-52-42.html -- enable the 'timeline.overwrite' option in your config file to overwrite existing files
	at nextflow.trace.TraceHelper.newFileWriter(TraceHelper.groovy:66)
	at nextflow.trace.TimelineObserver.renderHtml(TimelineObserver.groovy:164)
	at nextflow.trace.TimelineObserver.onFlowComplete(TimelineObserver.groovy:91)
	at nextflow.Session$_notifyFlowComplete_lambda38.doCall(Session.groovy:1093)
	at nextflow.Session.notifyEvent(Session.groovy:1123)
	at nextflow.Session.notifyFlowComplete(Session.groovy:1093)
	at nextflow.Session.shutdown0(Session.groovy:775)
	at nextflow.Session.destroy(Session.groovy:720)
	at nextflow.script.ScriptRunner.shutdown(ScriptRunner.groovy:244)
	at nextflow.script.ScriptRunner.execute(ScriptRunner.groovy:136)
	at nextflow.cli.CmdRun.run(CmdRun.groovy:442)
	at nextflow.cli.Launcher.run(Launcher.groovy:526)
	at nextflow.cli.Launcher.main(Launcher.groovy:686)
Caused by: java.nio.file.FileAlreadyExistsException: out/pipeline_info/execution_timeline_2026-08-14_11-52-42.html
	at java.base/sun.nio.fs.UnixException.translateToIOException(UnixException.java:94)
	at java.base/sun.nio.fs.UnixException.rethrowAsIOException(UnixException.java:108)
	at java.base/sun.nio.fs.UnixException.rethrowAsIOException(UnixException.java:113)
	at java.base/sun.nio.fs.UnixFileSystemProvider.newFileChannel(UnixFileSystemProvider.java:214)
	at java.base/sun.nio.fs.UnixFileSystemProvider.newByteChannel(UnixFileSystemProvider.java:245)
	at java.base/java.nio.file.spi.FileSystemProvider.newOutputStream(FileSystemProvider.java:426)
	at java.base/java.nio.file.Files.newOutputStream(Files.java:215)
	at java.base/java.nio.file.Files.newBufferedWriter(Files.java:2729)
	at nextflow.trace.TraceHelper.newFileWriter(TraceHelper.groovy:63)
	... 12 common frames omitted
Aug-14 11:55:11.290 [main] DEBUG nextflow.trace.TraceFileObserver - Workflow completed -- saving trace file
Aug-14 11:55:11.291 [main] DEBUG nextflow.cache.CacheDB - Closing CacheDB done
Aug-14 11:55:11.294 [main] INFO  org.pf4j.AbstractPluginManager - Stop plugin 'nf-amazon@3.9.2'
Aug-14 11:55:11.294 [main] DEBUG nextflow.plugin.BasePlugin - Plugin stopped nf-amazon
Aug-14 11:55:11.294 [main] INFO  org.pf4j.AbstractPluginManager - Stop plugin 'nf-schema@2.7.2'
Aug-14 11:55:11.294 [main] DEBUG nextflow.plugin.BasePlugin - Plugin stopped nf-schema
Aug-14 11:55:11.294 [main] INFO  org.pf4j.AbstractPluginManager - Stop plugin 'nf-prov@1.7.0'
Aug-14 11:55:11.294 [main] DEBUG nextflow.plugin.BasePlugin - Plugin stopped nf-prov
Aug-14 11:55:11.294 [main] INFO  org.pf4j.AbstractPluginManager - Stop plugin 'nf-fgbio@1.0.0'
Aug-14 11:55:11.294 [main] DEBUG nextflow.plugin.BasePlugin - Plugin stopped nf-fgbio
Aug-14 11:55:11.294 [main] INFO  org.pf4j.AbstractPluginManager - Stop plugin 'nf-core-utils@0.4.0'
Aug-14 11:55:11.294 [main] DEBUG nextflow.plugin.BasePlugin - Plugin stopped nf-core-utils
Aug-14 11:55:11.295 [main] DEBUG nextflow.script.ScriptRunner - > Execution complete -- Goodbye
